fold	expand (evalDeps, every occurrence visited)		occurrences	chain	100	100	99	100	0.000018	113360	ok
fold	expand (evalDeps, every occurrence visited)		occurrences	chain	300	300	299	300	0.000051	337360	ok
fold	expand (evalDeps, every occurrence visited)		occurrences	chain	1000	1000	999	1000	0.000171	1121360	ok
fold	expand (evalDeps, every occurrence visited)		occurrences	chain	3000	3000	2999	3000	0.000549	3361360	ok
fold	expand (evalDeps, every occurrence visited)		occurrences	chain	10000	10000	9999	10000	0.004005	11201360	ok
fold	expand (evalDeps, every occurrence visited)		occurrences	chain	30000	30000	29999	30000	0.024741	33601360	ok
fold	expand (evalDeps, every occurrence visited)		occurrences	chain	100000	100000	99999	100000	0.082265	112001360	ok
fold	expand (evalDeps, every occurrence visited)		occurrences	chain	100000	100000	99999	100000	0.000000	0	stop:cap
fold	expand + foldDag		occurrences	chain	100	100	99	100	0.000368	617488	ok
fold	expand + foldDag		occurrences	chain	300	300	299	300	0.001277	1998936	ok
fold	expand + foldDag		occurrences	chain	1000	1000	999	1000	0.003629	7249912	ok
fold	expand + foldDag		occurrences	chain	3000	3000	2999	3000	0.014620	23108400	ok
fold	expand + foldDag		occurrences	chain	10000	10000	9999	10000	0.069810	82196272	ok
fold	expand + foldDag		occurrences	chain	30000	30000	29999	30000	0.266251	260798912	ok
fold	expand + foldDag		occurrences	chain	100000	100000	99999	100000	1.258577	921901776	ok
fold	expand + foldDag		occurrences	chain	100000	100000	99999	100000	0.000000	0	stop:cap
fold	dagOf (the fixture's per-node build, for comparison)		nodes	chain	100	100	99	100	0.000334	586600	ok
fold	dagOf (the fixture's per-node build, for comparison)		nodes	chain	300	300	299	300	0.001028	1871112	ok
fold	dagOf (the fixture's per-node build, for comparison)		nodes	chain	1000	1000	999	1000	0.003601	6646152	ok
fold	dagOf (the fixture's per-node build, for comparison)		nodes	chain	3000	3000	2999	3000	0.014418	21121304	ok
fold	dagOf (the fixture's per-node build, for comparison)		nodes	chain	10000	10000	9999	10000	0.069552	74532352	ok
fold	dagOf (the fixture's per-node build, for comparison)		nodes	chain	30000	30000	29999	30000	0.350271	235574712	ok
fold	dagOf (the fixture's per-node build, for comparison)		nodes	chain	100000	100000	99999	100000	1.417019	825313128	ok
fold	dagOf (the fixture's per-node build, for comparison)		nodes	chain	100000	100000	99999	100000	0.000000	0	stop:cap
dag	fromMagma		nodes	chain	100	100	99	100	0.000334	304968	ok
dag	fromMagma		nodes	chain	300	300	299	300	0.000805	1094888	ok
dag	fromMagma		nodes	chain	1000	1000	999	1000	0.003506	4318584	ok
dag	fromMagma		nodes	chain	3000	3000	2999	3000	0.013278	14669456	ok
dag	fromMagma		nodes	chain	10000	10000	9999	10000	0.059266	55787880	ok
dag	fromMagma		nodes	chain	30000	30000	29999	30000	0.280565	186492344	ok
dag	fromMagma		nodes	chain	100000	100000	99999	100000	1.214119	689610648	ok
dag	fromMagma		nodes	chain	100000	100000	99999	100000	0.000000	0	stop:cap
dag	mergeDag into an empty Dag		nodes	chain	100	100	99	100	0.000258	217720	ok
dag	mergeDag into an empty Dag		nodes	chain	300	300	299	300	0.000992	799976	ok
dag	mergeDag into an empty Dag		nodes	chain	1000	1000	999	1000	0.002711	3191416	ok
dag	mergeDag into an empty Dag		nodes	chain	3000	3000	2999	3000	0.010519	10941152	ok
dag	mergeDag into an empty Dag		nodes	chain	10000	10000	9999	10000	0.049656	41627176	ok
dag	mergeDag into an empty Dag		nodes	chain	30000	30000	29999	30000	0.289698	139052648	ok
dag	mergeDag into an empty Dag		nodes	chain	100000	100000	99999	100000	1.135122	515986408	ok
dag	mergeDag into an empty Dag		nodes	chain	100000	100000	99999	100000	0.000000	0	stop:cap
dag	mergeDag onto itself		nodes	chain	100	100	99	100	0.000263	222352	ok
dag	mergeDag onto itself		nodes	chain	300	300	299	300	0.000655	791288	ok
dag	mergeDag onto itself		nodes	chain	1000	1000	999	1000	0.002629	3140872	ok
dag	mergeDag onto itself		nodes	chain	3000	3000	2999	3000	0.010380	10892984	ok
dag	mergeDag onto itself		nodes	chain	10000	10000	9999	10000	0.047934	41327992	ok
dag	mergeDag onto itself		nodes	chain	30000	30000	29999	30000	0.211160	138809408	ok
dag	mergeDag onto itself		nodes	chain	100000	100000	99999	100000	1.107271	548826552	ok
dag	mergeDag onto itself		nodes	chain	100000	100000	99999	100000	0.000000	0	stop:cap
dag	dagEdges		nodes	chain	100	100	99	100	0.000037	47456	ok
dag	dagEdges		nodes	chain	300	300	299	300	0.000091	161576	ok
dag	dagEdges		nodes	chain	1000	1000	999	1000	0.000402	604216	ok
dag	dagEdges		nodes	chain	3000	3000	2999	3000	0.001562	2011192	ok
dag	dagEdges		nodes	chain	10000	10000	9999	10000	0.007613	7391216	ok
dag	dagEdges		nodes	chain	30000	30000	29999	30000	0.035706	24068016	ok
dag	dagEdges		nodes	chain	100000	100000	99999	100000	0.187963	88030776	ok
dag	dagEdges		nodes	chain	100000	100000	99999	100000	0.000000	0	stop:cap
dag	roots + leaves		nodes	chain	100	100	99	100	0.000026	6080	ok
dag	roots + leaves		nodes	chain	300	300	299	300	0.000123	15680	ok
dag	roots + leaves		nodes	chain	1000	1000	999	1000	0.000363	49280	ok
dag	roots + leaves		nodes	chain	3000	3000	2999	3000	0.001476	149336	ok
dag	roots + leaves		nodes	chain	10000	10000	9999	10000	0.007217	481280	ok
dag	roots + leaves		nodes	chain	30000	30000	29999	30000	0.029632	1441280	ok
dag	roots + leaves		nodes	chain	100000	100000	99999	100000	0.161345	4801280	ok
dag	roots + leaves		nodes	chain	100000	100000	99999	100000	0.000000	0	stop:cap
dag	stuck (waiting on dependencies)		nodes	chain	100	100	99	100	0.000979	90232	ok
dag	stuck (waiting on dependencies)		nodes	chain	300	300	299	300	0.011332	350216	ok
dag	stuck (waiting on dependencies)		nodes	chain	1000	1000	999	1000	0.168207	1436752	ok
dag	stuck (waiting on dependencies)		nodes	chain	3000	3000	2999	3000	2.007041	5079992	ok
dag	stuck (waiting on dependencies)		nodes	chain	3000	3000	2999	3000	0.000000	0	stop:budget
dag	stuck (waiting on dependants)		nodes	chain	100	100	99	100	0.001212	88352	ok
dag	stuck (waiting on dependants)		nodes	chain	300	300	299	300	0.009226	337792	ok
dag	stuck (waiting on dependants)		nodes	chain	1000	1000	999	1000	0.160665	1406032	ok
dag	stuck (waiting on dependants)		nodes	chain	3000	3000	2999	3000	1.939136	4975152	ok
dag	stuck (waiting on dependants)		nodes	chain	10000	10000	9999	10000	0.000000	0	stop:timeout
walk	upDag (sequential)		nodes	chain	100	100	99	100	0.000223	147720	ok
walk	upDag (sequential)		nodes	chain	300	300	299	300	0.000609	508752	ok
walk	upDag (sequential)		nodes	chain	1000	1000	999	1000	0.002458	1969288	ok
walk	upDag (sequential)		nodes	chain	3000	3000	2999	3000	0.009752	6630480	ok
walk	upDag (sequential)		nodes	chain	10000	10000	9999	10000	0.046412	24525504	ok
walk	upDag (sequential)		nodes	chain	30000	30000	29999	30000	0.208007	80438408	ok
walk	upDag (sequential)		nodes	chain	100000	100000	99999	100000	1.016843	292463864	ok
walk	upDag (sequential)		nodes	chain	100000	100000	99999	100000	0.000000	0	stop:cap
walk	downDag (sequential)		nodes	chain	100	100	99	100	0.000128	128928	ok
walk	downDag (sequential)		nodes	chain	300	300	299	300	0.000513	452848	ok
walk	downDag (sequential)		nodes	chain	1000	1000	999	1000	0.002284	1784328	ok
walk	downDag (sequential)		nodes	chain	3000	3000	2999	3000	0.008706	6058208	ok
walk	downDag (sequential)		nodes	chain	10000	10000	9999	10000	0.040315	22643368	ok
walk	downDag (sequential)		nodes	chain	30000	30000	29999	30000	0.174313	74687032	ok
walk	downDag (sequential)		nodes	chain	100000	100000	99999	100000	1.016185	273769616	ok
walk	downDag (sequential)		nodes	chain	100000	100000	99999	100000	0.000000	0	stop:cap
walk	upDagConcurrent		nodes	chain	100	100	99	100	0.001325	687328	ok
walk	upDagConcurrent		nodes	chain	300	300	299	300	0.011501	2197744	ok
walk	upDagConcurrent		nodes	chain	1000	1000	999	1000	0.158382	7608936	ok
walk	upDagConcurrent		nodes	chain	3000	3000	2999	3000	1.896766	23819080	ok
walk	upDagConcurrent		nodes	chain	10000	10000	9999	10000	0.000000	0	stop:timeout
walk	downDagConcurrent		nodes	chain	100	100	99	100	0.001263	600584	ok
walk	downDagConcurrent		nodes	chain	300	300	299	300	0.010106	2062824	ok
walk	downDagConcurrent		nodes	chain	1000	1000	999	1000	0.145676	6714104	ok
walk	downDagConcurrent		nodes	chain	3000	3000	2999	3000	1.793635	22478448	ok
walk	downDagConcurrent		nodes	chain	10000	10000	9999	10000	0.000000	0	stop:timeout
upkeep	tend nodes already up (settled)	startUpkeep	nodes	chain	100	100	99	100	0.002219	1125920	ok
upkeep	tend nodes already up (settled)	until every machine is stable	nodes	chain	100	100	99	100	0.000013	22504	ok
upkeep	tend nodes already up (settled)	stopUpkeep	nodes	chain	100	100	99	100	0.000160	43536	ok
upkeep	tend nodes already up (settled)	startUpkeep	nodes	chain	300	300	299	300	0.012810	7063896	ok
upkeep	tend nodes already up (settled)	until every machine is stable	nodes	chain	300	300	299	300	0.000025	64104	ok
upkeep	tend nodes already up (settled)	stopUpkeep	nodes	chain	300	300	299	300	0.000262	126288	ok
upkeep	tend nodes already up (settled)	startUpkeep	nodes	chain	1000	1000	999	1000	0.139583	33469888	ok
upkeep	tend nodes already up (settled)	until every machine is stable	nodes	chain	1000	1000	999	1000	0.000175	209704	ok
upkeep	tend nodes already up (settled)	stopUpkeep	nodes	chain	1000	1000	999	1000	0.000638	416688	ok
upkeep	tend nodes already up (settled)	startUpkeep	nodes	chain	3000	3000	2999	3000	1.470562	112671016	ok
upkeep	tend nodes already up (settled)	until every machine is stable	nodes	chain	3000	3000	2999	3000	0.000432	625704	ok
upkeep	tend nodes already up (settled)	stopUpkeep	nodes	chain	3000	3000	2999	3000	0.002570	1246608	ok
upkeep	tend nodes already up (settled)		nodes	chain	10000	10000	9999	10000	0.000000	0	stop:timeout
upkeep	bring nodes up (unsettled)	startUpkeep	nodes	chain	100	100	99	100	0.002717	923624	ok
upkeep	bring nodes up (unsettled)	until every machine is stable	nodes	chain	100	100	99	100	0.000485	404344	ok
upkeep	bring nodes up (unsettled)	stopUpkeep	nodes	chain	100	100	99	100	0.000112	43536	ok
upkeep	bring nodes up (unsettled)	startUpkeep	nodes	chain	300	300	299	300	0.011612	2928736	ok
upkeep	bring nodes up (unsettled)	until every machine is stable	nodes	chain	300	300	299	300	0.001346	4738808	ok
upkeep	bring nodes up (unsettled)	stopUpkeep	nodes	chain	300	300	299	300	0.000279	126288	ok
upkeep	bring nodes up (unsettled)	startUpkeep	nodes	chain	1000	1000	999	1000	0.157101	10476040	ok
upkeep	bring nodes up (unsettled)	until every machine is stable	nodes	chain	1000	1000	999	1000	0.011772	24981936	ok
upkeep	bring nodes up (unsettled)	stopUpkeep	nodes	chain	1000	1000	999	1000	0.000892	417768	ok
upkeep	bring nodes up (unsettled)	startUpkeep	nodes	chain	3000	3000	2999	3000	1.888698	33642856	ok
upkeep	bring nodes up (unsettled)	until every machine is stable	nodes	chain	3000	3000	2999	3000	0.057610	85024496	ok
upkeep	bring nodes up (unsettled)	stopUpkeep	nodes	chain	3000	3000	2999	3000	0.002877	1246608	ok
upkeep	bring nodes up (unsettled)		nodes	chain	10000	10000	9999	10000	0.000000	0	stop:timeout
upkeep	managed nodes: hold, hand over, adopt	startUpkeep	nodes	chain	100	100	99	100	0.001524	925928	ok
upkeep	managed nodes: hold, hand over, adopt	until every machine is stable	nodes	chain	100	100	99	100	0.001124	3470448	ok
upkeep	managed nodes: hold, hand over, adopt	stopUpkeep (machines kept)	nodes	chain	100	100	99	100	0.000031	82064	ok
upkeep	managed nodes: hold, hand over, adopt	startUpkeep (adopting)	nodes	chain	100	100	99	100	0.000784	321224	ok
upkeep	managed nodes: hold, hand over, adopt	stopUpkeep + releaseKept	nodes	chain	100	100	99	100	0.001562	387088	ok
upkeep	managed nodes: hold, hand over, adopt	startUpkeep	nodes	chain	300	300	299	300	0.015522	2935976	ok
upkeep	managed nodes: hold, hand over, adopt	until every machine is stable	nodes	chain	300	300	299	300	0.006491	10821840	ok
upkeep	managed nodes: hold, hand over, adopt	stopUpkeep (machines kept)	nodes	chain	300	300	299	300	0.000130	239632	ok
upkeep	managed nodes: hold, hand over, adopt	startUpkeep (adopting)	nodes	chain	300	300	299	300	0.008243	1026408	ok
upkeep	managed nodes: hold, hand over, adopt	stopUpkeep + releaseKept	nodes	chain	300	300	299	300	0.004409	1584872	ok
upkeep	managed nodes: hold, hand over, adopt	startUpkeep	nodes	chain	1000	1000	999	1000	0.120638	10500056	ok
upkeep	managed nodes: hold, hand over, adopt	until every machine is stable	nodes	chain	1000	1000	999	1000	0.013868	37591400	ok
upkeep	managed nodes: hold, hand over, adopt	stopUpkeep (machines kept)	nodes	chain	1000	1000	999	1000	0.000290	794832	ok
upkeep	managed nodes: hold, hand over, adopt	startUpkeep (adopting)	nodes	chain	1000	1000	999	1000	0.118957	3877344	ok
upkeep	managed nodes: hold, hand over, adopt	stopUpkeep + releaseKept	nodes	chain	1000	1000	999	1000	0.013614	22483688	ok
upkeep	managed nodes: hold, hand over, adopt	startUpkeep	nodes	chain	3000	3000	2999	3000	1.341413	38502832	ok
upkeep	managed nodes: hold, hand over, adopt	until every machine is stable	nodes	chain	3000	3000	2999	3000	0.064128	110873592	ok
upkeep	managed nodes: hold, hand over, adopt	stopUpkeep (machines kept)	nodes	chain	3000	3000	2999	3000	0.001312	2416192	ok
upkeep	managed nodes: hold, hand over, adopt	startUpkeep (adopting)	nodes	chain	3000	3000	2999	3000	1.385707	15900960	ok
upkeep	managed nodes: hold, hand over, adopt	stopUpkeep + releaseKept	nodes	chain	3000	3000	2999	3000	0.051128	63016936	ok
upkeep	managed nodes: hold, hand over, adopt		nodes	chain	10000	10000	9999	10000	0.000000	0	stop:timeout
rewrite	no phase registered (wholeGraph + rewrite)		nodes	chain	100	100	99	100	0.000004	17184	ok
rewrite	no phase registered (wholeGraph + rewrite)		nodes	chain	300	300	299	300	0.000011	49184	ok
rewrite	no phase registered (wholeGraph + rewrite)		nodes	chain	1000	1000	999	1000	0.000041	161184	ok
rewrite	no phase registered (wholeGraph + rewrite)		nodes	chain	3000	3000	2999	3000	0.000128	481184	ok
rewrite	no phase registered (wholeGraph + rewrite)		nodes	chain	10000	10000	9999	10000	0.000431	1601184	ok
rewrite	no phase registered (wholeGraph + rewrite)		nodes	chain	30000	30000	29999	30000	0.001539	4801184	ok
rewrite	no phase registered (wholeGraph + rewrite)		nodes	chain	100000	100000	99999	100000	0.004521	16001184	ok
rewrite	no phase registered (wholeGraph + rewrite)		nodes	chain	100000	100000	99999	100000	0.000000	0	stop:cap
rewrite	one batch of a tenth of the nodes		nodes	chain	100	100	99	100	0.000118	169504	ok
rewrite	one batch of a tenth of the nodes		nodes	chain	300	300	299	300	0.000290	550600	ok
rewrite	one batch of a tenth of the nodes		nodes	chain	1000	1000	999	1000	0.001079	2135432	ok
rewrite	one batch of a tenth of the nodes		nodes	chain	3000	3000	2999	3000	0.004608	8370136	ok
rewrite	one batch of a tenth of the nodes		nodes	chain	10000	10000	9999	10000	0.028165	48146632	ok
rewrite	one batch of a tenth of the nodes		nodes	chain	30000	30000	29999	30000	0.169171	415240024	ok
rewrite	one batch of a tenth of the nodes		nodes	chain	100000	100000	99999	100000	1.828923	4515349560	ok
rewrite	one batch of a tenth of the nodes		nodes	chain	100000	100000	99999	100000	0.000000	0	stop:cap
rewrite	sixteen batches of a tenth of the nodes		nodes	chain	100	100	99	100	0.000804	1461264	ok
rewrite	sixteen batches of a tenth of the nodes		nodes	chain	300	300	299	300	0.002903	7000416	ok
rewrite	sixteen batches of a tenth of the nodes		nodes	chain	1000	1000	999	1000	0.013093	24166640	ok
rewrite	sixteen batches of a tenth of the nodes		nodes	chain	3000	3000	2999	3000	0.049317	75633896	ok
rewrite	sixteen batches of a tenth of the nodes		nodes	chain	10000	10000	9999	10000	0.294970	266465760	ok
rewrite	sixteen batches of a tenth of the nodes		nodes	chain	30000	30000	29999	30000	1.341461	849297064	ok
rewrite	sixteen batches of a tenth of the nodes		nodes	chain	100000	100000	99999	100000	7.320306	3091700200	ok
rewrite	sixteen batches of a tenth of the nodes		nodes	chain	100000	100000	99999	100000	0.000000	0	stop:budget
ledger	eight overlapping declarations	contribution (of one Dag)	nodes	chain	100	100	99	100	0.000147	52344	ok
ledger	eight overlapping declarations	desired	nodes	chain	100	100	99	100	0.000031	20168	ok
ledger	eight overlapping declarations	precedenceOf	nodes	chain	100	100	99	100	0.000038	28168	ok
ledger	eight overlapping declarations	knownRefs	nodes	chain	100	100	99	100	0.000025	20168	ok
ledger	eight overlapping declarations	retractAll + collect, nothing standing	nodes	chain	100	100	99	100	0.000010	1984	ok
ledger	eight overlapping declarations	contribution (of one Dag)	nodes	chain	300	300	299	300	0.000212	174400	ok
ledger	eight overlapping declarations	desired	nodes	chain	300	300	299	300	0.000088	50368	ok
ledger	eight overlapping declarations	precedenceOf	nodes	chain	300	300	299	300	0.000116	89288	ok
ledger	eight overlapping declarations	knownRefs	nodes	chain	300	300	299	300	0.000079	50368	ok
ledger	eight overlapping declarations	retractAll + collect, nothing standing	nodes	chain	300	300	299	300	0.000036	1984	ok
ledger	eight overlapping declarations	contribution (of one Dag)	nodes	chain	1000	1000	999	1000	0.000401	644216	ok
ledger	eight overlapping declarations	desired	nodes	chain	1000	1000	999	1000	0.000267	182288	ok
ledger	eight overlapping declarations	precedenceOf	nodes	chain	1000	1000	999	1000	0.000368	294248	ok
ledger	eight overlapping declarations	knownRefs	nodes	chain	1000	1000	999	1000	0.000253	182288	ok
ledger	eight overlapping declarations	retractAll + collect, nothing standing	nodes	chain	1000	1000	999	1000	0.000087	1984	ok
ledger	eight overlapping declarations	contribution (of one Dag)	nodes	chain	3000	3000	2999	3000	0.001682	2127136	ok
ledger	eight overlapping declarations	desired	nodes	chain	3000	3000	2999	3000	0.000767	555488	ok
ledger	eight overlapping declarations	precedenceOf	nodes	chain	3000	3000	2999	3000	0.001105	837048	ok
ledger	eight overlapping declarations	knownRefs	nodes	chain	3000	3000	2999	3000	0.000763	555488	ok
ledger	eight overlapping declarations	retractAll + collect, nothing standing	nodes	chain	3000	3000	2999	3000	0.000262	1984	ok
ledger	eight overlapping declarations	contribution (of one Dag)	nodes	chain	10000	10000	9999	10000	0.008199	7791216	ok
ledger	eight overlapping declarations	desired	nodes	chain	10000	10000	9999	10000	0.002695	1765728	ok
ledger	eight overlapping declarations	precedenceOf	nodes	chain	10000	10000	9999	10000	0.003902	2800608	ok
ledger	eight overlapping declarations	knownRefs	nodes	chain	10000	10000	9999	10000	0.002605	1765728	ok
ledger	eight overlapping declarations	retractAll + collect, nothing standing	nodes	chain	10000	10000	9999	10000	0.000867	1984	ok
ledger	eight overlapping declarations	contribution (of one Dag)	nodes	chain	30000	30000	29999	30000	0.034203	25268016	ok
ledger	eight overlapping declarations	desired	nodes	chain	30000	30000	29999	30000	0.008249	5412768	ok
ledger	eight overlapping declarations	precedenceOf	nodes	chain	30000	30000	29999	30000	0.013140	8393008	ok
ledger	eight overlapping declarations	knownRefs	nodes	chain	30000	30000	29999	30000	0.007666	5412768	ok
ledger	eight overlapping declarations	retractAll + collect, nothing standing	nodes	chain	30000	30000	29999	30000	0.002527	1984	ok
ledger	eight overlapping declarations	contribution (of one Dag)	nodes	chain	100000	100000	99999	100000	0.174084	92030776	ok
ledger	eight overlapping declarations	desired	nodes	chain	100000	100000	99999	100000	0.033362	18013208	ok
ledger	eight overlapping declarations	precedenceOf	nodes	chain	100000	100000	99999	100000	0.057347	28080208	ok
ledger	eight overlapping declarations	knownRefs	nodes	chain	100000	100000	99999	100000	0.046151	18013208	ok
ledger	eight overlapping declarations	retractAll + collect, nothing standing	nodes	chain	100000	100000	99999	100000	0.010351	1984	ok
ledger	eight overlapping declarations		nodes	chain	100000	100000	99999	100000	0.000000	0	stop:cap
query	outline		nodes	chain	100	100	99	100	0.000219	515368	ok
query	outline		nodes	chain	300	300	299	300	0.000714	1602320	ok
query	outline		nodes	chain	1000	1000	999	1000	0.002083	5521872	ok
query	outline		nodes	chain	3000	3000	2999	3000	0.007578	17104072	ok
query	outline		nodes	chain	10000	10000	9999	10000	0.033076	58838376	ok
query	outline		nodes	chain	30000	30000	29999	30000	0.127411	182166584	ok
query	outline		nodes	chain	100000	100000	99999	100000	0.515304	625743936	ok
query	outline		nodes	chain	100000	100000	99999	100000	0.000000	0	stop:cap
query	paths per node (outline + outlinePaths, as worldPaths)		nodes	chain	100	100	99	100	0.000725	1425800	ok
query	paths per node (outline + outlinePaths, as worldPaths)		nodes	chain	300	300	299	300	0.003066	8624656	ok
query	paths per node (outline + outlinePaths, as worldPaths)		nodes	chain	1000	1000	999	1000	0.050150	78515472	ok
query	paths per node (outline + outlinePaths, as worldPaths)		nodes	chain	3000	3000	2999	3000	0.626782	739466488	ok
query	paths per node (outline + outlinePaths, as worldPaths)		nodes	chain	10000	10000	9999	10000	7.463957	8105558928	ok
query	paths per node (outline + outlinePaths, as worldPaths)		nodes	chain	10000	10000	9999	10000	0.000000	0	stop:budget
query	resolveSelectors (select **, exclude **/n1/**)		nodes	chain	100	100	99	100	0.000370	837704	ok
query	resolveSelectors (select **, exclude **/n1/**)		nodes	chain	300	300	299	300	0.001385	2682096	ok
query	resolveSelectors (select **, exclude **/n1/**)		nodes	chain	1000	1000	999	1000	0.006294	9553048	ok
query	resolveSelectors (select **, exclude **/n1/**)		nodes	chain	3000	3000	2999	3000	0.024465	30324848	ok
query	resolveSelectors (select **, exclude **/n1/**)		nodes	chain	10000	10000	9999	10000	0.103821	107206272	ok
query	resolveSelectors (select **, exclude **/n1/**)		nodes	chain	30000	30000	29999	30000	0.483383	339055840	ok
query	resolveSelectors (select **, exclude **/n1/**)		nodes	chain	100000	100000	99999	100000	2.364516	1192377664	ok
query	resolveSelectors (select **, exclude **/n1/**)		nodes	chain	100000	100000	99999	100000	0.000000	0	stop:budget
query	query show --dedupe (renderAnnotated)		nodes	chain	100	100	99	100	0.000683	2390176	ok
query	query show --dedupe (renderAnnotated)		nodes	chain	300	300	299	300	0.006486	17859512	ok
query	query show --dedupe (renderAnnotated)		nodes	chain	1000	1000	999	1000	0.080646	183716328	ok
query	query show --dedupe (renderAnnotated)		nodes	chain	3000	3000	2999	3000	0.731275	1618003048	ok
query	query show --dedupe (renderAnnotated)		nodes	chain	10000	10000	9999	10000	10.137562	17854046616	ok
query	query show --dedupe (renderAnnotated)		nodes	chain	10000	10000	9999	10000	0.000000	0	stop:budget
query	query show, every path (renderAnnotated)		occurrences	chain	100	100	99	100	0.001049	2566272	ok
query	query show, every path (renderAnnotated)		occurrences	chain	300	300	299	300	0.007040	20017448	ok
query	query show, every path (renderAnnotated)		occurrences	chain	1000	1000	999	1000	0.106561	210430616	ok
query	query show, every path (renderAnnotated)		occurrences	chain	3000	3000	2999	3000	1.270274	1965271432	ok
query	query show, every path (renderAnnotated)		occurrences	chain	10000	10000	9999	10000	14.734830	22132819720	ok
query	query show, every path (renderAnnotated)		occurrences	chain	10000	10000	9999	10000	0.000000	0	stop:budget
query	query plan (expand, fold, resolve, encode)		occurrences	chain	100	100	99	100	0.000751	1040496	ok
query	query plan (expand, fold, resolve, encode)		occurrences	chain	300	300	299	300	0.001798	3426200	ok
query	query plan (expand, fold, resolve, encode)		occurrences	chain	1000	1000	999	1000	0.007534	12365288	ok
query	query plan (expand, fold, resolve, encode)		occurrences	chain	3000	3000	2999	3000	0.029989	39731784	ok
query	query plan (expand, fold, resolve, encode)		occurrences	chain	10000	10000	9999	10000	0.141365	142343736	ok
query	query plan (expand, fold, resolve, encode)		occurrences	chain	30000	30000	29999	30000	0.598107	454460560	ok
query	query plan (expand, fold, resolve, encode)		occurrences	chain	100000	100000	99999	100000	3.407696	1615358336	ok
query	query plan (expand, fold, resolve, encode)		occurrences	chain	100000	100000	99999	100000	0.000000	0	stop:budget
query	run tree (dagLines)		nodes	chain	100	100	99	100	0.000075	66584	ok
query	run tree (dagLines)		nodes	chain	300	300	299	300	0.000180	199296	ok
query	run tree (dagLines)		nodes	chain	1000	1000	999	1000	0.000832	663712	ok
query	run tree (dagLines)		nodes	chain	3000	3000	2999	3000	0.002470	1990560	ok
query	run tree (dagLines)		nodes	chain	10000	10000	9999	10000	0.010983	6635120	ok
query	run tree (dagLines)		nodes	chain	30000	30000	29999	30000	0.044040	19906072	ok
query	run tree (dagLines)		nodes	chain	100000	100000	99999	100000	0.203772	66352704	ok
query	run tree (dagLines)		nodes	chain	100000	100000	99999	100000	0.000000	0	stop:cap
query	run dag (printDagCograph, to /dev/null)		nodes	chain	100	100	99	100	0.000250	739176	ok
query	run dag (printDagCograph, to /dev/null)		nodes	chain	300	300	299	300	0.000488	2066280	ok
query	run dag (printDagCograph, to /dev/null)		nodes	chain	1000	1000	999	1000	0.001505	6702496	ok
query	run dag (printDagCograph, to /dev/null)		nodes	chain	3000	3000	2999	3000	0.005105	20062896	ok
query	run dag (printDagCograph, to /dev/null)		nodes	chain	10000	10000	9999	10000	0.017731	66806208	ok
query	run dag (printDagCograph, to /dev/null)		nodes	chain	30000	30000	29999	30000	0.057268	201567016	ok
query	run dag (printDagCograph, to /dev/null)		nodes	chain	100000	100000	99999	100000	0.217014	673132072	ok
query	run dag (printDagCograph, to /dev/null)		nodes	chain	100000	100000	99999	100000	0.000000	0	stop:cap
serve	loop	record a declaration (expand, fold, ledger)	occurrences	chain	100	100	99	100	0.000568	769936	ok
serve	loop	before the first pass (rewrite, worldDag)	occurrences	chain	100	100	99	100	0.000011	32832	ok
serve	loop	first pass, every node up	occurrences	chain	100	100	99	100	0.002807	2366184	ok
serve	loop	status	occurrences	chain	100	100	99	100	0.000441	1087664	ok
serve	loop	before the idle pass	occurrences	chain	100	100	99	100	0.000011	31952	ok
serve	loop	idle pass, nothing pending	occurrences	chain	100	100	99	100	0.000059	78328	ok
serve	loop	clear	occurrences	chain	100	100	99	100	0.000002	2976	ok
serve	loop	before the teardown pass	occurrences	chain	100	100	99	100	0.000045	90472	ok
serve	loop	teardown pass, every node down	occurrences	chain	100	100	99	100	0.001715	1111584	ok
serve	loop	record a declaration (expand, fold, ledger)	occurrences	chain	300	300	299	300	0.001708	2457360	ok
serve	loop	before the first pass (rewrite, worldDag)	occurrences	chain	300	300	299	300	0.000023	99256	ok
serve	loop	first pass, every node up	occurrences	chain	300	300	299	300	0.015404	11359192	ok
serve	loop	status	occurrences	chain	300	300	299	300	0.003968	7597400	ok
serve	loop	before the idle pass	occurrences	chain	300	300	299	300	0.000025	87440	ok
serve	loop	idle pass, nothing pending	occurrences	chain	300	300	299	300	0.000183	231304	ok
serve	loop	clear	occurrences	chain	300	300	299	300	0.000003	2784	ok
serve	loop	before the teardown pass	occurrences	chain	300	300	299	300	0.000152	267448	ok
serve	loop	teardown pass, every node down	occurrences	chain	300	300	299	300	0.012607	9260608	ok
serve	loop	record a declaration (expand, fold, ledger)	occurrences	chain	1000	1000	999	1000	0.005512	8842048	ok
serve	loop	before the first pass (rewrite, worldDag)	occurrences	chain	1000	1000	999	1000	0.000070	313632	ok
serve	loop	first pass, every node up	occurrences	chain	1000	1000	999	1000	0.178805	43725216	ok
serve	loop	status	occurrences	chain	1000	1000	999	1000	0.053708	75075704	ok
serve	loop	before the idle pass	occurrences	chain	1000	1000	999	1000	0.000091	283440	ok
serve	loop	idle pass, nothing pending	occurrences	chain	1000	1000	999	1000	0.000659	777384	ok
serve	loop	clear	occurrences	chain	1000	1000	999	1000	0.000004	2784	ok
serve	loop	before the teardown pass	occurrences	chain	1000	1000	999	1000	0.000544	897528	ok
serve	loop	teardown pass, every node down	occurrences	chain	1000	1000	999	1000	0.167899	41184440	ok
serve	loop	record a declaration (expand, fold, ledger)	occurrences	chain	3000	3000	2999	3000	0.018986	28128408	ok
serve	loop	before the first pass (rewrite, worldDag)	occurrences	chain	3000	3000	2999	3000	0.000254	937632	ok
serve	loop	first pass, every node up	occurrences	chain	3000	3000	2999	3000	1.916717	137926816	ok
serve	loop	status	occurrences	chain	3000	3000	2999	3000	0.594739	729728432	ok
serve	loop	before the idle pass	occurrences	chain	3000	3000	2999	3000	0.000349	843440	ok
serve	loop	idle pass, nothing pending	occurrences	chain	3000	3000	2999	3000	0.002296	2326312	ok
serve	loop	clear	occurrences	chain	3000	3000	2999	3000	0.000005	2784	ok
serve	loop	before the teardown pass	occurrences	chain	3000	3000	2999	3000	0.001794	2686456	ok
serve	loop	teardown pass, every node down	occurrences	chain	3000	3000	2999	3000	1.801779	134563224	ok
serve	loop		occurrences	chain	10000	10000	9999	10000	0.000000	0	stop:timeout
render	GET /dag (dagValue + encode)		nodes	chain	100	100	99	100	0.001125	2258248	ok
render	GET /dag (dagValue + encode)		nodes	chain	300	300	299	300	0.003032	6831088	ok
render	GET /dag (dagValue + encode)		nodes	chain	1000	1000	999	1000	0.010888	24605600	ok
render	GET /dag (dagValue + encode)		nodes	chain	3000	3000	2999	3000	0.051376	91620136	ok
render	GET /dag (dagValue + encode)		nodes	chain	10000	10000	9999	10000	0.441188	525108280	ok
render	GET /dag (dagValue + encode)		nodes	chain	30000	30000	29999	30000	0.000000	0	stop:inputs
render	GET /status (status report + encode)		nodes	chain	100	100	99	100	0.000285	1086272	ok
render	GET /status (status report + encode)		nodes	chain	300	300	299	300	0.000939	3415192	ok
render	GET /status (status report + encode)		nodes	chain	1000	1000	999	1000	0.005448	13157816	ok
render	GET /status (status report + encode)		nodes	chain	3000	3000	2999	3000	0.036725	57283792	ok
render	GET /status (status report + encode)		nodes	chain	10000	10000	9999	10000	0.352947	410495680	ok
render	GET /status (status report + encode)		nodes	chain	30000	30000	29999	30000	0.000000	0	stop:inputs
render	status sink document (encode)		nodes	chain	100	100	99	100	0.000358	1104680	ok
render	status sink document (encode)		nodes	chain	300	300	299	300	0.001092	3429024	ok
render	status sink document (encode)		nodes	chain	1000	1000	999	1000	0.006688	13171288	ok
render	status sink document (encode)		nodes	chain	3000	3000	2999	3000	0.040750	57300504	ok
render	status sink document (encode)		nodes	chain	10000	10000	9999	10000	0.306376	410512640	ok
render	status sink document (encode)		nodes	chain	30000	30000	29999	30000	0.000000	0	stop:inputs
client	Model.fromDag		nodes	chain	100	100	99	100	0.000104	237920	ok
client	Model.fromDag		nodes	chain	300	300	299	300	0.000299	732848	ok
client	Model.fromDag		nodes	chain	1000	1000	999	1000	0.001189	2532400	ok
client	Model.fromDag		nodes	chain	3000	3000	2999	3000	0.004824	7926416	ok
client	Model.fromDag		nodes	chain	10000	10000	9999	10000	0.025445	27295584	ok
client	Model.fromDag		nodes	chain	30000	30000	29999	30000	0.000000	0	stop:inputs
client	Model.step, one done event per node		nodes	chain	100	100	99	100	0.000073	110912	ok
client	Model.step, one done event per node		nodes	chain	300	300	299	300	0.000156	351496	ok
client	Model.step, one done event per node		nodes	chain	1000	1000	999	1000	0.000632	1256664	ok
client	Model.step, one done event per node		nodes	chain	3000	3000	2999	3000	0.002695	3999640	ok
client	Model.step, one done event per node		nodes	chain	10000	10000	9999	10000	0.018262	14191080	ok
client	Model.step, one done event per node		nodes	chain	30000	30000	29999	30000	0.000000	0	stop:inputs
client	Model.step, a teardown: one done event per node wanted down		nodes	chain	100	100	99	100	0.000119	374464	ok
client	Model.step, a teardown: one done event per node wanted down		nodes	chain	300	300	299	300	0.000837	2822424	ok
client	Model.step, a teardown: one done event per node wanted down		nodes	chain	1000	1000	999	1000	0.008135	29093688	ok
client	Model.step, a teardown: one done event per node wanted down		nodes	chain	3000	3000	2999	3000	0.113853	355231576	ok
client	Model.step, a teardown: one done event per node wanted down		nodes	chain	10000	10000	9999	10000	1.951485	4307825320	ok
client	Model.step, a teardown: one done event per node wanted down		nodes	chain	30000	30000	29999	30000	0.000000	0	stop:inputs
fold	expand (evalDeps, every occurrence visited)		occurrences	fan	100	100	99	100	0.000027	117360	ok
fold	expand (evalDeps, every occurrence visited)		occurrences	fan	300	300	299	300	0.000060	349360	ok
fold	expand (evalDeps, every occurrence visited)		occurrences	fan	1000	1000	999	1000	0.000202	1161360	ok
fold	expand (evalDeps, every occurrence visited)		occurrences	fan	3000	3000	2999	3000	0.000590	3481360	ok
fold	expand (evalDeps, every occurrence visited)		occurrences	fan	10000	10000	9999	10000	0.002303	11601360	ok
fold	expand (evalDeps, every occurrence visited)		occurrences	fan	30000	30000	29999	30000	0.007721	34805080	ok
fold	expand (evalDeps, every occurrence visited)		occurrences	fan	100000	100000	99999	100000	0.025718	116001360	ok
fold	expand (evalDeps, every occurrence visited)		occurrences	fan	100000	100000	99999	100000	0.000000	0	stop:cap
fold	expand + foldDag		occurrences	fan	100	100	99	100	0.000409	900056	ok
fold	expand + foldDag		occurrences	fan	300	300	299	300	0.002212	4519048	ok
fold	expand + foldDag		occurrences	fan	1000	1000	999	1000	0.016511	35163912	ok
fold	expand + foldDag		occurrences	fan	3000	3000	2999	3000	0.126505	274801176	ok
fold	expand + foldDag		occurrences	fan	10000	10000	9999	10000	1.306994	2881069080	ok
fold	expand + foldDag		occurrences	fan	30000	30000	29999	30000	0.000000	0	stop:timeout
fold	dagOf (the fixture's per-node build, for comparison)		nodes	fan	100	100	99	100	0.000352	625880	ok
fold	dagOf (the fixture's per-node build, for comparison)		nodes	fan	300	300	299	300	0.001239	2012144	ok
fold	dagOf (the fixture's per-node build, for comparison)		nodes	fan	1000	1000	999	1000	0.005535	7191744	ok
fold	dagOf (the fixture's per-node build, for comparison)		nodes	fan	3000	3000	2999	3000	0.021194	22898056	ok
fold	dagOf (the fixture's per-node build, for comparison)		nodes	fan	10000	10000	9999	10000	0.083606	81186944	ok
fold	dagOf (the fixture's per-node build, for comparison)		nodes	fan	30000	30000	29999	30000	0.325059	257387040	ok
fold	dagOf (the fixture's per-node build, for comparison)		nodes	fan	100000	100000	99999	100000	1.999520	905859168	ok
fold	dagOf (the fixture's per-node build, for comparison)		nodes	fan	100000	100000	99999	100000	0.000000	0	stop:cap
dag	fromMagma		nodes	fan	100	100	99	100	0.000338	832536	ok
dag	fromMagma		nodes	fan	300	300	299	300	0.002309	6040344	ok
dag	fromMagma		nodes	fan	1000	1000	999	1000	0.022132	60046968	ok
dag	fromMagma		nodes	fan	3000	3000	2999	3000	0.189594	616663272	ok
dag	fromMagma		nodes	fan	10000	10000	9999	10000	2.847941	7145917992	ok
dag	fromMagma		nodes	fan	10000	10000	9999	10000	0.000000	0	stop:budget
dag	mergeDag into an empty Dag		nodes	fan	100	100	99	100	0.000302	468688	ok
dag	mergeDag into an empty Dag		nodes	fan	300	300	299	300	0.001947	3204688	ok
dag	mergeDag into an empty Dag		nodes	fan	1000	1000	999	1000	0.017558	30711472	ok
dag	mergeDag into an empty Dag		nodes	fan	3000	3000	2999	3000	0.151325	261260080	ok
dag	mergeDag into an empty Dag		nodes	fan	10000	10000	9999	10000	1.982081	2835194320	ok
dag	mergeDag into an empty Dag		nodes	fan	30000	30000	29999	30000	0.000000	0	stop:timeout
dag	mergeDag onto itself		nodes	fan	100	100	99	100	0.000269	227056	ok
dag	mergeDag onto itself		nodes	fan	300	300	299	300	0.001467	828104	ok
dag	mergeDag onto itself		nodes	fan	1000	1000	999	1000	0.012329	3522408	ok
dag	mergeDag onto itself		nodes	fan	3000	3000	2999	3000	0.094711	11037368	ok
dag	mergeDag onto itself		nodes	fan	10000	10000	9999	10000	1.091841	45295224	ok
dag	mergeDag onto itself		nodes	fan	30000	30000	29999	30000	7.898673	151781272	ok
dag	mergeDag onto itself		nodes	fan	30000	30000	29999	30000	0.000000	0	stop:budget
dag	dagEdges		nodes	fan	100	100	99	100	0.000036	47376	ok
dag	dagEdges		nodes	fan	300	300	299	300	0.000083	159976	ok
dag	dagEdges		nodes	fan	1000	1000	999	1000	0.000463	604976	ok
dag	dagEdges		nodes	fan	3000	3000	2999	3000	0.001412	2000016	ok
dag	dagEdges		nodes	fan	10000	10000	9999	10000	0.005958	7401976	ok
dag	dagEdges		nodes	fan	30000	30000	29999	30000	0.030724	24177816	ok
dag	dagEdges		nodes	fan	100000	100000	99999	100000	0.167827	87876296	ok
dag	dagEdges		nodes	fan	100000	100000	99999	100000	0.000000	0	stop:cap
dag	roots + leaves		nodes	fan	100	100	99	100	0.000031	11568	ok
dag	roots + leaves		nodes	fan	300	300	299	300	0.000166	32368	ok
dag	roots + leaves		nodes	fan	1000	1000	999	1000	0.000385	105168	ok
dag	roots + leaves		nodes	fan	3000	3000	2999	3000	0.001534	317224	ok
dag	roots + leaves		nodes	fan	10000	10000	9999	10000	0.006948	1041168	ok
dag	roots + leaves		nodes	fan	30000	30000	29999	30000	0.025041	3121168	ok
dag	roots + leaves		nodes	fan	100000	100000	99999	100000	0.105210	10401168	ok
dag	roots + leaves		nodes	fan	100000	100000	99999	100000	0.000000	0	stop:cap
dag	stuck (waiting on dependencies)		nodes	fan	100	100	99	100	0.000040	32696	ok
dag	stuck (waiting on dependencies)		nodes	fan	300	300	299	300	0.000137	114416	ok
dag	stuck (waiting on dependencies)		nodes	fan	1000	1000	999	1000	0.000535	449416	ok
dag	stuck (waiting on dependencies)		nodes	fan	3000	3000	2999	3000	0.001882	1532552	ok
dag	stuck (waiting on dependencies)		nodes	fan	10000	10000	9999	10000	0.008248	5814136	ok
dag	stuck (waiting on dependencies)		nodes	fan	30000	30000	29999	30000	0.031300	19409616	ok
dag	stuck (waiting on dependencies)		nodes	fan	100000	100000	99999	100000	0.153253	71995496	ok
dag	stuck (waiting on dependencies)		nodes	fan	100000	100000	99999	100000	0.000000	0	stop:cap
dag	stuck (waiting on dependants)		nodes	fan	100	100	99	100	0.000068	32176	ok
dag	stuck (waiting on dependants)		nodes	fan	300	300	299	300	0.000164	113816	ok
dag	stuck (waiting on dependants)		nodes	fan	1000	1000	999	1000	0.000676	448496	ok
dag	stuck (waiting on dependants)		nodes	fan	3000	3000	2999	3000	0.002319	1531752	ok
dag	stuck (waiting on dependants)		nodes	fan	10000	10000	9999	10000	0.010658	5812936	ok
dag	stuck (waiting on dependants)		nodes	fan	30000	30000	29999	30000	0.045762	19408416	ok
dag	stuck (waiting on dependants)		nodes	fan	100000	100000	99999	100000	0.216004	71994216	ok
dag	stuck (waiting on dependants)		nodes	fan	100000	100000	99999	100000	0.000000	0	stop:cap
walk	upDag (sequential)		nodes	fan	100	100	99	100	0.000122	129736	ok
walk	upDag (sequential)		nodes	fan	300	300	299	300	0.000468	430496	ok
walk	upDag (sequential)		nodes	fan	1000	1000	999	1000	0.002306	1592936	ok
walk	upDag (sequential)		nodes	fan	3000	3000	2999	3000	0.008444	5189496	ok
walk	upDag (sequential)		nodes	fan	10000	10000	9999	10000	0.035305	18888160	ok
walk	upDag (sequential)		nodes	fan	30000	30000	29999	30000	0.129663	61002552	ok
walk	upDag (sequential)		nodes	fan	100000	100000	99999	100000	0.824137	219387952	ok
walk	upDag (sequential)		nodes	fan	100000	100000	99999	100000	0.000000	0	stop:cap
walk	downDag (sequential)		nodes	fan	100	100	99	100	0.000124	128928	ok
walk	downDag (sequential)		nodes	fan	300	300	299	300	0.000495	452848	ok
walk	downDag (sequential)		nodes	fan	1000	1000	999	1000	0.002304	1751560	ok
walk	downDag (sequential)		nodes	fan	3000	3000	2999	3000	0.008564	5890312	ok
walk	downDag (sequential)		nodes	fan	10000	10000	9999	10000	0.041034	22086312	ok
walk	downDag (sequential)		nodes	fan	30000	30000	29999	30000	0.154135	72950328	ok
walk	downDag (sequential)		nodes	fan	100000	100000	99999	100000	0.895144	267969680	ok
walk	downDag (sequential)		nodes	fan	100000	100000	99999	100000	0.000000	0	stop:cap
walk	upDagConcurrent		nodes	fan	100	100	99	100	0.001001	766384	ok
walk	upDagConcurrent		nodes	fan	300	300	299	300	0.003385	2273336	ok
walk	upDagConcurrent		nodes	fan	1000	1000	999	1000	0.016133	7789320	ok
walk	upDagConcurrent		nodes	fan	3000	3000	2999	3000	0.122448	24253592	ok
walk	upDagConcurrent		nodes	fan	10000	10000	9999	10000	1.118849	81353688	ok
walk	upDagConcurrent		nodes	fan	30000	30000	29999	30000	10.950271	258912168	ok
walk	upDagConcurrent		nodes	fan	30000	30000	29999	30000	0.000000	0	stop:budget
walk	downDagConcurrent		nodes	fan	100	100	99	100	0.000389	548936	ok
walk	downDagConcurrent		nodes	fan	300	300	299	300	0.001198	1703752	ok
walk	downDagConcurrent		nodes	fan	1000	1000	999	1000	0.005529	5756568	ok
walk	downDagConcurrent		nodes	fan	3000	3000	2999	3000	0.029331	17676400	ok
walk	downDagConcurrent		nodes	fan	10000	10000	9999	10000	0.119914	60428032	ok
walk	downDagConcurrent		nodes	fan	30000	30000	29999	30000	0.395910	185585216	ok
walk	downDagConcurrent		nodes	fan	100000	100000	99999	100000	2.085681	639589336	ok
walk	downDagConcurrent		nodes	fan	100000	100000	99999	100000	0.000000	0	stop:budget
upkeep	tend nodes already up (settled)	startUpkeep	nodes	fan	100	100	99	100	0.001129	1068384	ok
upkeep	tend nodes already up (settled)	until every machine is stable	nodes	fan	100	100	99	100	0.000011	22504	ok
upkeep	tend nodes already up (settled)	stopUpkeep	nodes	fan	100	100	99	100	0.000128	43536	ok
upkeep	tend nodes already up (settled)	startUpkeep	nodes	fan	300	300	299	300	0.004383	6828920	ok
upkeep	tend nodes already up (settled)	until every machine is stable	nodes	fan	300	300	299	300	0.000026	64104	ok
upkeep	tend nodes already up (settled)	stopUpkeep	nodes	fan	300	300	299	300	0.000250	126288	ok
upkeep	tend nodes already up (settled)	startUpkeep	nodes	fan	1000	1000	999	1000	0.019488	32481984	ok
upkeep	tend nodes already up (settled)	until every machine is stable	nodes	fan	1000	1000	999	1000	0.000082	209704	ok
upkeep	tend nodes already up (settled)	stopUpkeep	nodes	fan	1000	1000	999	1000	0.000652	416688	ok
upkeep	tend nodes already up (settled)	startUpkeep	nodes	fan	3000	3000	2999	3000	0.080575	114467288	ok
upkeep	tend nodes already up (settled)	until every machine is stable	nodes	fan	3000	3000	2999	3000	0.000499	625704	ok
upkeep	tend nodes already up (settled)	stopUpkeep	nodes	fan	3000	3000	2999	3000	0.003193	1246576	ok
upkeep	tend nodes already up (settled)	startUpkeep	nodes	fan	10000	10000	9999	10000	0.419289	417088208	ok
upkeep	tend nodes already up (settled)	until every machine is stable	nodes	fan	10000	10000	9999	10000	0.002018	2081704	ok
upkeep	tend nodes already up (settled)	stopUpkeep	nodes	fan	10000	10000	9999	10000	0.015084	4151816	ok
upkeep	tend nodes already up (settled)	startUpkeep	nodes	fan	30000	30000	29999	30000	1.635052	994030392	ok
upkeep	tend nodes already up (settled)	until every machine is stable	nodes	fan	30000	30000	29999	30000	0.017366	7682720	ok
upkeep	tend nodes already up (settled)	stopUpkeep	nodes	fan	30000	30000	29999	30000	0.386901	320495424	ok
upkeep	tend nodes already up (settled)		nodes	fan	100000	100000	99999	100000	0.000000	0	stop:heap
upkeep	bring nodes up (unsettled)	startUpkeep	nodes	fan	100	100	99	100	0.003076	1505672	ok
upkeep	bring nodes up (unsettled)	until every machine is stable	nodes	fan	100	100	99	100	0.000133	41272	ok
upkeep	bring nodes up (unsettled)	stopUpkeep	nodes	fan	100	100	99	100	0.000094	43536	ok
upkeep	bring nodes up (unsettled)	startUpkeep	nodes	fan	300	300	299	300	0.019017	10422496	ok
upkeep	bring nodes up (unsettled)	until every machine is stable	nodes	fan	300	300	299	300	0.000238	116472	ok
upkeep	bring nodes up (unsettled)	stopUpkeep	nodes	fan	300	300	299	300	0.000202	126288	ok
upkeep	bring nodes up (unsettled)	startUpkeep	nodes	fan	1000	1000	999	1000	0.228300	71121608	ok
upkeep	bring nodes up (unsettled)	until every machine is stable	nodes	fan	1000	1000	999	1000	0.000728	293896	ok
upkeep	bring nodes up (unsettled)	stopUpkeep	nodes	fan	1000	1000	999	1000	0.000814	416688	ok
upkeep	bring nodes up (unsettled)	startUpkeep	nodes	fan	3000	3000	2999	3000	3.759496	470125808	ok
upkeep	bring nodes up (unsettled)	until every machine is stable	nodes	fan	3000	3000	2999	3000	0.005693	1199600	ok
upkeep	bring nodes up (unsettled)	stopUpkeep	nodes	fan	3000	3000	2999	3000	0.004454	15464824	ok
upkeep	bring nodes up (unsettled)		nodes	fan	3000	3000	2999	3000	0.000000	0	stop:budget
upkeep	managed nodes: hold, hand over, adopt	startUpkeep	nodes	fan	100	100	99	100	0.002566	1406320	ok
upkeep	managed nodes: hold, hand over, adopt	until every machine is stable	nodes	fan	100	100	99	100	0.003564	2353400	ok
upkeep	managed nodes: hold, hand over, adopt	stopUpkeep (machines kept)	nodes	fan	100	100	99	100	0.000752	2416808	ok
upkeep	managed nodes: hold, hand over, adopt	startUpkeep (adopting)	nodes	fan	100	100	99	100	0.000303	263696	ok
upkeep	managed nodes: hold, hand over, adopt	stopUpkeep + releaseKept	nodes	fan	100	100	99	100	0.002981	346840	ok
upkeep	managed nodes: hold, hand over, adopt	startUpkeep	nodes	fan	300	300	299	300	0.032662	7681640	ok
upkeep	managed nodes: hold, hand over, adopt	until every machine is stable	nodes	fan	300	300	299	300	0.024516	13394448	ok
upkeep	managed nodes: hold, hand over, adopt	stopUpkeep (machines kept)	nodes	fan	300	300	299	300	0.001051	7568384	ok
upkeep	managed nodes: hold, hand over, adopt	startUpkeep (adopting)	nodes	fan	300	300	299	300	0.000498	757464	ok
upkeep	managed nodes: hold, hand over, adopt	stopUpkeep + releaseKept	nodes	fan	300	300	299	300	0.002807	1088576	ok
upkeep	managed nodes: hold, hand over, adopt	startUpkeep	nodes	fan	1000	1000	999	1000	0.243453	65862360	ok
upkeep	managed nodes: hold, hand over, adopt	until every machine is stable	nodes	fan	1000	1000	999	1000	0.458489	115711792	ok
upkeep	managed nodes: hold, hand over, adopt	stopUpkeep (machines kept)	nodes	fan	1000	1000	999	1000	0.006408	25517984	ok
upkeep	managed nodes: hold, hand over, adopt	startUpkeep (adopting)	nodes	fan	1000	1000	999	1000	0.002909	2753232	ok
upkeep	managed nodes: hold, hand over, adopt	stopUpkeep + releaseKept	nodes	fan	1000	1000	999	1000	0.020344	17740320	ok
upkeep	managed nodes: hold, hand over, adopt		nodes	fan	3000	3000	2999	3000	0.000000	0	stop:timeout
rewrite	no phase registered (wholeGraph + rewrite)		nodes	fan	100	100	99	100	0.000004	17184	ok
rewrite	no phase registered (wholeGraph + rewrite)		nodes	fan	300	300	299	300	0.000013	49184	ok
rewrite	no phase registered (wholeGraph + rewrite)		nodes	fan	1000	1000	999	1000	0.000042	161184	ok
rewrite	no phase registered (wholeGraph + rewrite)		nodes	fan	3000	3000	2999	3000	0.000124	481184	ok
rewrite	no phase registered (wholeGraph + rewrite)		nodes	fan	10000	10000	9999	10000	0.000426	1601184	ok
rewrite	no phase registered (wholeGraph + rewrite)		nodes	fan	30000	30000	29999	30000	0.001677	4801184	ok
rewrite	no phase registered (wholeGraph + rewrite)		nodes	fan	100000	100000	99999	100000	0.005755	16001184	ok
rewrite	no phase registered (wholeGraph + rewrite)		nodes	fan	100000	100000	99999	100000	0.000000	0	stop:cap
rewrite	one batch of a tenth of the nodes		nodes	fan	100	100	99	100	0.000176	185592	ok
rewrite	one batch of a tenth of the nodes		nodes	fan	300	300	299	300	0.000610	598984	ok
rewrite	one batch of a tenth of the nodes		nodes	fan	1000	1000	999	1000	0.001625	2150152	ok
rewrite	one batch of a tenth of the nodes		nodes	fan	3000	3000	2999	3000	0.006137	6878608	ok
rewrite	one batch of a tenth of the nodes		nodes	fan	10000	10000	9999	10000	0.026255	24463464	ok
rewrite	one batch of a tenth of the nodes		nodes	fan	30000	30000	29999	30000	0.129879	77542232	ok
rewrite	one batch of a tenth of the nodes		nodes	fan	100000	100000	99999	100000	0.561593	274654536	ok
rewrite	one batch of a tenth of the nodes		nodes	fan	100000	100000	99999	100000	0.000000	0	stop:cap
rewrite	sixteen batches of a tenth of the nodes		nodes	fan	100	100	99	100	0.001106	1746800	ok
rewrite	sixteen batches of a tenth of the nodes		nodes	fan	300	300	299	300	0.006312	8583056	ok
rewrite	sixteen batches of a tenth of the nodes		nodes	fan	1000	1000	999	1000	0.019152	30056640	ok
rewrite	sixteen batches of a tenth of the nodes		nodes	fan	3000	3000	2999	3000	0.072393	95883880	ok
rewrite	sixteen batches of a tenth of the nodes		nodes	fan	10000	10000	9999	10000	0.344779	343079808	ok
rewrite	sixteen batches of a tenth of the nodes		nodes	fan	30000	30000	29999	30000	1.614202	1094349640	ok
rewrite	sixteen batches of a tenth of the nodes		nodes	fan	100000	100000	99999	100000	9.276074	3893002320	ok
rewrite	sixteen batches of a tenth of the nodes		nodes	fan	100000	100000	99999	100000	0.000000	0	stop:budget
ledger	eight overlapping declarations	contribution (of one Dag)	nodes	fan	100	100	99	100	0.000066	52264	ok
ledger	eight overlapping declarations	desired	nodes	fan	100	100	99	100	0.000044	20168	ok
ledger	eight overlapping declarations	precedenceOf	nodes	fan	100	100	99	100	0.000042	15968	ok
ledger	eight overlapping declarations	knownRefs	nodes	fan	100	100	99	100	0.000039	20168	ok
ledger	eight overlapping declarations	retractAll + collect, nothing standing	nodes	fan	100	100	99	100	0.000013	1984	ok
ledger	eight overlapping declarations	contribution (of one Dag)	nodes	fan	300	300	299	300	0.000151	172800	ok
ledger	eight overlapping declarations	desired	nodes	fan	300	300	299	300	0.000081	50368	ok
ledger	eight overlapping declarations	precedenceOf	nodes	fan	300	300	299	300	0.000086	49728	ok
ledger	eight overlapping declarations	knownRefs	nodes	fan	300	300	299	300	0.000073	50368	ok
ledger	eight overlapping declarations	retractAll + collect, nothing standing	nodes	fan	300	300	299	300	0.000026	1984	ok
ledger	eight overlapping declarations	contribution (of one Dag)	nodes	fan	1000	1000	999	1000	0.000395	644976	ok
ledger	eight overlapping declarations	desired	nodes	fan	1000	1000	999	1000	0.000261	182288	ok
ledger	eight overlapping declarations	precedenceOf	nodes	fan	1000	1000	999	1000	0.000261	155768	ok
ledger	eight overlapping declarations	knownRefs	nodes	fan	1000	1000	999	1000	0.000249	182288	ok
ledger	eight overlapping declarations	retractAll + collect, nothing standing	nodes	fan	1000	1000	999	1000	0.000087	1984	ok
ledger	eight overlapping declarations	contribution (of one Dag)	nodes	fan	3000	3000	2999	3000	0.001522	2120016	ok
ledger	eight overlapping declarations	desired	nodes	fan	3000	3000	2999	3000	0.000776	555488	ok
ledger	eight overlapping declarations	precedenceOf	nodes	fan	3000	3000	2999	3000	0.000782	474968	ok
ledger	eight overlapping declarations	knownRefs	nodes	fan	3000	3000	2999	3000	0.000780	555488	ok
ledger	eight overlapping declarations	retractAll + collect, nothing standing	nodes	fan	3000	3000	2999	3000	0.000264	1984	ok
ledger	eight overlapping declarations	contribution (of one Dag)	nodes	fan	10000	10000	9999	10000	0.008500	7801976	ok
ledger	eight overlapping declarations	desired	nodes	fan	10000	10000	9999	10000	0.002785	1765728	ok
ledger	eight overlapping declarations	precedenceOf	nodes	fan	10000	10000	9999	10000	0.002670	1563808	ok
ledger	eight overlapping declarations	knownRefs	nodes	fan	10000	10000	9999	10000	0.002790	1765728	ok
ledger	eight overlapping declarations	retractAll + collect, nothing standing	nodes	fan	10000	10000	9999	10000	0.000923	1984	ok
ledger	eight overlapping declarations	contribution (of one Dag)	nodes	fan	30000	30000	29999	30000	0.037377	25377816	ok
ledger	eight overlapping declarations	desired	nodes	fan	30000	30000	29999	30000	0.009949	5412768	ok
ledger	eight overlapping declarations	precedenceOf	nodes	fan	30000	30000	29999	30000	0.010149	4648808	ok
ledger	eight overlapping declarations	knownRefs	nodes	fan	30000	30000	29999	30000	0.010685	5412768	ok
ledger	eight overlapping declarations	retractAll + collect, nothing standing	nodes	fan	30000	30000	29999	30000	0.003385	1984	ok
ledger	eight overlapping declarations	contribution (of one Dag)	nodes	fan	100000	100000	99999	100000	0.170550	91876296	ok
ledger	eight overlapping declarations	desired	nodes	fan	100000	100000	99999	100000	0.035253	18013208	ok
ledger	eight overlapping declarations	precedenceOf	nodes	fan	100000	100000	99999	100000	0.034861	15671368	ok
ledger	eight overlapping declarations	knownRefs	nodes	fan	100000	100000	99999	100000	0.036444	18013208	ok
ledger	eight overlapping declarations	retractAll + collect, nothing standing	nodes	fan	100000	100000	99999	100000	0.009688	1984	ok
ledger	eight overlapping declarations		nodes	fan	100000	100000	99999	100000	0.000000	0	stop:cap
query	outline		nodes	fan	100	100	99	100	0.000320	496856	ok
query	outline		nodes	fan	300	300	299	300	0.001081	1521008	ok
query	outline		nodes	fan	1000	1000	999	1000	0.009608	5161168	ok
query	outline		nodes	fan	3000	3000	2999	3000	0.075117	15788248	ok
query	outline		nodes	fan	10000	10000	9999	10000	1.123532	53596752	ok
query	outline		nodes	fan	30000	30000	29999	30000	15.016007	164080808	ok
query	outline		nodes	fan	30000	30000	29999	30000	0.000000	0	stop:budget
query	paths per node (outline + outlinePaths, as worldPaths)		nodes	fan	100	100	99	100	0.000507	727712	ok
query	paths per node (outline + outlinePaths, as worldPaths)		nodes	fan	300	300	299	300	0.002271	2282416	ok
query	paths per node (outline + outlinePaths, as worldPaths)		nodes	fan	1000	1000	999	1000	0.017673	7950824	ok
query	paths per node (outline + outlinePaths, as worldPaths)		nodes	fan	3000	3000	2999	3000	0.143472	24819624	ok
query	paths per node (outline + outlinePaths, as worldPaths)		nodes	fan	10000	10000	9999	10000	2.389128	86111296	ok
query	paths per node (outline + outlinePaths, as worldPaths)		nodes	fan	10000	10000	9999	10000	0.000000	0	stop:budget
query	resolveSelectors (select **, exclude **/n1/**)		nodes	fan	100	100	99	100	0.001177	726504	ok
query	resolveSelectors (select **, exclude **/n1/**)		nodes	fan	300	300	299	300	0.006028	2281856	ok
query	resolveSelectors (select **, exclude **/n1/**)		nodes	fan	1000	1000	999	1000	0.043011	7979936	ok
query	resolveSelectors (select **, exclude **/n1/**)		nodes	fan	3000	3000	2999	3000	0.257708	25058800	ok
query	resolveSelectors (select **, exclude **/n1/**)		nodes	fan	10000	10000	9999	10000	1.726058	87242040	ok
query	resolveSelectors (select **, exclude **/n1/**)		nodes	fan	30000	30000	29999	30000	14.825217	273467080	ok
query	resolveSelectors (select **, exclude **/n1/**)		nodes	fan	30000	30000	29999	30000	0.000000	0	stop:budget
query	query show --dedupe (renderAnnotated)		nodes	fan	100	100	99	100	0.000446	665240	ok
query	query show --dedupe (renderAnnotated)		nodes	fan	300	300	299	300	0.002021	2064096	ok
query	query show --dedupe (renderAnnotated)		nodes	fan	1000	1000	999	1000	0.015892	7081024	ok
query	query show --dedupe (renderAnnotated)		nodes	fan	3000	3000	2999	3000	0.125848	21913048	ok
query	query show --dedupe (renderAnnotated)		nodes	fan	10000	10000	9999	10000	1.621125	75245232	ok
query	query show --dedupe (renderAnnotated)		nodes	fan	30000	30000	29999	30000	15.125787	232446776	ok
query	query show --dedupe (renderAnnotated)		nodes	fan	30000	30000	29999	30000	0.000000	0	stop:budget
query	query show, every path (renderAnnotated)		occurrences	fan	100	100	99	100	0.000440	592192	ok
query	query show, every path (renderAnnotated)		occurrences	fan	300	300	299	300	0.000851	1820488	ok
query	query show, every path (renderAnnotated)		occurrences	fan	1000	1000	999	1000	0.003000	6181656	ok
query	query show, every path (renderAnnotated)		occurrences	fan	3000	3000	2999	3000	0.013336	18993160	ok
query	query show, every path (renderAnnotated)		occurrences	fan	10000	10000	9999	10000	0.050275	64639056	ok
query	query show, every path (renderAnnotated)		occurrences	fan	30000	30000	29999	30000	0.167980	198262168	ok
query	query show, every path (renderAnnotated)		occurrences	fan	100000	100000	99999	100000	0.663190	673080840	ok
query	query show, every path (renderAnnotated)		occurrences	fan	100000	100000	99999	100000	0.000000	0	stop:cap
query	query plan (expand, fold, resolve, encode)		occurrences	fan	100	100	99	100	0.001043	1142320	ok
query	query plan (expand, fold, resolve, encode)		occurrences	fan	300	300	299	300	0.006043	5298808	ok
query	query plan (expand, fold, resolve, encode)		occurrences	fan	1000	1000	999	1000	0.053477	37958400	ok
query	query plan (expand, fold, resolve, encode)		occurrences	fan	3000	3000	2999	3000	0.417146	283905016	ok
query	query plan (expand, fold, resolve, encode)		occurrences	fan	10000	10000	9999	10000	4.939391	2913703008	ok
query	query plan (expand, fold, resolve, encode)		occurrences	fan	10000	10000	9999	10000	0.000000	0	stop:budget
query	run tree (dagLines)		nodes	fan	100	100	99	100	0.000163	66584	ok
query	run tree (dagLines)		nodes	fan	300	300	299	300	0.000563	199296	ok
query	run tree (dagLines)		nodes	fan	1000	1000	999	1000	0.002513	663712	ok
query	run tree (dagLines)		nodes	fan	3000	3000	2999	3000	0.005973	2930160	ok
query	run tree (dagLines)		nodes	fan	10000	10000	9999	10000	0.023976	6635120	ok
query	run tree (dagLines)		nodes	fan	30000	30000	29999	30000	0.092203	19906072	ok
query	run tree (dagLines)		nodes	fan	100000	100000	99999	100000	0.494368	102708304	ok
query	run tree (dagLines)		nodes	fan	100000	100000	99999	100000	0.000000	0	stop:cap
query	run dag (printDagCograph, to /dev/null)		nodes	fan	100	100	99	100	0.000287	742520	ok
query	run dag (printDagCograph, to /dev/null)		nodes	fan	300	300	299	300	0.000656	2075744	ok
query	run dag (printDagCograph, to /dev/null)		nodes	fan	1000	1000	999	1000	0.002122	6739144	ok
query	run dag (printDagCograph, to /dev/null)		nodes	fan	3000	3000	2999	3000	0.008049	20176568	ok
query	run dag (printDagCograph, to /dev/null)		nodes	fan	10000	10000	9999	10000	0.027603	67184528	ok
query	run dag (printDagCograph, to /dev/null)		nodes	fan	30000	30000	29999	30000	0.088231	202677648	ok
query	run dag (printDagCograph, to /dev/null)		nodes	fan	100000	100000	99999	100000	0.345413	713833200	ok
query	run dag (printDagCograph, to /dev/null)		nodes	fan	100000	100000	99999	100000	0.000000	0	stop:cap
serve	loop	record a declaration (expand, fold, ledger)	occurrences	fan	100	100	99	100	0.002420	1053072	ok
serve	loop	before the first pass (rewrite, worldDag)	occurrences	fan	100	100	99	100	0.000030	32832	ok
serve	loop	first pass, every node up	occurrences	fan	100	100	99	100	0.002428	2782888	ok
serve	loop	status	occurrences	fan	100	100	99	100	0.000833	385576	ok
serve	loop	before the idle pass	occurrences	fan	100	100	99	100	0.000036	31952	ok
serve	loop	idle pass, nothing pending	occurrences	fan	100	100	99	100	0.000247	78328	ok
serve	loop	clear	occurrences	fan	100	100	99	100	0.000008	2976	ok
serve	loop	before the teardown pass	occurrences	fan	100	100	99	100	0.000133	90472	ok
serve	loop	teardown pass, every node down	occurrences	fan	100	100	99	100	0.002536	1554704	ok
serve	loop	record a declaration (expand, fold, ledger)	occurrences	fan	300	300	299	300	0.008141	4976520	ok
serve	loop	before the first pass (rewrite, worldDag)	occurrences	fan	300	300	299	300	0.000042	99256	ok
serve	loop	first pass, every node up	occurrences	fan	300	300	299	300	0.009348	15872248	ok
serve	loop	status	occurrences	fan	300	300	299	300	0.002191	1243160	ok
serve	loop	before the idle pass	occurrences	fan	300	300	299	300	0.000044	87440	ok
serve	loop	idle pass, nothing pending	occurrences	fan	300	300	299	300	0.000300	231304	ok
serve	loop	clear	occurrences	fan	300	300	299	300	0.000005	2784	ok
serve	loop	before the teardown pass	occurrences	fan	300	300	299	300	0.000247	267448	ok
serve	loop	teardown pass, every node down	occurrences	fan	300	300	299	300	0.006518	13893336	ok
serve	loop	record a declaration (expand, fold, ledger)	occurrences	fan	1000	1000	999	1000	0.031735	36756808	ok
serve	loop	before the first pass (rewrite, worldDag)	occurrences	fan	1000	1000	999	1000	0.000142	313632	ok
serve	loop	first pass, every node up	occurrences	fan	1000	1000	999	1000	0.062737	98015464	ok
serve	loop	status	occurrences	fan	1000	1000	999	1000	0.019034	4475968	ok
serve	loop	before the idle pass	occurrences	fan	1000	1000	999	1000	0.000114	283440	ok
serve	loop	idle pass, nothing pending	occurrences	fan	1000	1000	999	1000	0.001177	777384	ok
serve	loop	clear	occurrences	fan	1000	1000	999	1000	0.000006	2784	ok
serve	loop	before the teardown pass	occurrences	fan	1000	1000	999	1000	0.000891	897528	ok
serve	loop	teardown pass, every node down	occurrences	fan	1000	1000	999	1000	0.047946	95919888	ok
serve	loop	record a declaration (expand, fold, ledger)	occurrences	fan	3000	3000	2999	3000	0.265101	279814064	ok
serve	loop	before the first pass (rewrite, worldDag)	occurrences	fan	3000	3000	2999	3000	0.000540	937632	ok
serve	loop	first pass, every node up	occurrences	fan	3000	3000	2999	3000	0.474626	735701792	ok
serve	loop	status	occurrences	fan	3000	3000	2999	3000	0.158110	14307032	ok
serve	loop	before the idle pass	occurrences	fan	3000	3000	2999	3000	0.000447	843440	ok
serve	loop	idle pass, nothing pending	occurrences	fan	3000	3000	2999	3000	0.003480	2326312	ok
serve	loop	clear	occurrences	fan	3000	3000	2999	3000	0.000010	2784	ok
serve	loop	before the teardown pass	occurrences	fan	3000	3000	2999	3000	0.002905	2686456	ok
serve	loop	teardown pass, every node down	occurrences	fan	3000	3000	2999	3000	0.344268	639947480	ok
serve	loop		occurrences	fan	10000	10000	9999	10000	0.000000	0	stop:timeout
render	GET /dag (dagValue + encode)		nodes	fan	100	100	99	100	0.001593	2202656	ok
render	GET /dag (dagValue + encode)		nodes	fan	300	300	299	300	0.003585	6638520	ok
render	GET /dag (dagValue + encode)		nodes	fan	1000	1000	999	1000	0.014131	22030504	ok
render	GET /dag (dagValue + encode)		nodes	fan	3000	3000	2999	3000	0.051413	66070752	ok
render	GET /dag (dagValue + encode)		nodes	fan	10000	10000	9999	10000	0.129846	220251728	ok
render	GET /dag (dagValue + encode)		nodes	fan	30000	30000	29999	30000	0.414958	660379672	ok
render	GET /dag (dagValue + encode)		nodes	fan	100000	100000	99999	100000	0.000000	0	stop:inputs
render	GET /status (status report + encode)		nodes	fan	100	100	99	100	0.000568	1100224	ok
render	GET /status (status report + encode)		nodes	fan	300	300	299	300	0.000848	3213648	ok
render	GET /status (status report + encode)		nodes	fan	1000	1000	999	1000	0.003693	10654336	ok
render	GET /status (status report + encode)		nodes	fan	3000	3000	2999	3000	0.011422	31885056	ok
render	GET /status (status report + encode)		nodes	fan	10000	10000	9999	10000	0.045272	106329504	ok
render	GET /status (status report + encode)		nodes	fan	30000	30000	29999	30000	0.095320	318654224	ok
render	GET /status (status report + encode)		nodes	fan	100000	100000	99999	100000	0.000000	0	stop:inputs
render	status sink document (encode)		nodes	fan	100	100	99	100	0.001083	1114368	ok
render	status sink document (encode)		nodes	fan	300	300	299	300	0.001479	3223848	ok
render	status sink document (encode)		nodes	fan	1000	1000	999	1000	0.003588	10672264	ok
render	status sink document (encode)		nodes	fan	3000	3000	2999	3000	0.009540	31903352	ok
render	status sink document (encode)		nodes	fan	10000	10000	9999	10000	0.035201	106338904	ok
render	status sink document (encode)		nodes	fan	30000	30000	29999	30000	0.093746	318668216	ok
render	status sink document (encode)		nodes	fan	100000	100000	99999	100000	0.000000	0	stop:inputs
client	Model.fromDag		nodes	fan	100	100	99	100	0.000109	236800	ok
client	Model.fromDag		nodes	fan	300	300	299	300	0.000357	732848	ok
client	Model.fromDag		nodes	fan	1000	1000	999	1000	0.001336	2536240	ok
client	Model.fromDag		nodes	fan	3000	3000	2999	3000	0.006555	7926416	ok
client	Model.fromDag		nodes	fan	10000	10000	9999	10000	0.023430	27295584	ok
client	Model.fromDag		nodes	fan	30000	30000	29999	30000	0.081122	84247760	ok
client	Model.fromDag		nodes	fan	100000	100000	99999	100000	0.000000	0	stop:inputs
client	Model.step, one done event per node		nodes	fan	100	100	99	100	0.000056	110912	ok
client	Model.step, one done event per node		nodes	fan	300	300	299	300	0.000166	351496	ok
client	Model.step, one done event per node		nodes	fan	1000	1000	999	1000	0.000747	1256664	ok
client	Model.step, one done event per node		nodes	fan	3000	3000	2999	3000	0.002720	3999640	ok
client	Model.step, one done event per node		nodes	fan	10000	10000	9999	10000	0.012543	14191080	ok
client	Model.step, one done event per node		nodes	fan	30000	30000	29999	30000	0.058824	44938120	ok
client	Model.step, one done event per node		nodes	fan	100000	100000	99999	100000	0.000000	0	stop:inputs
client	Model.step, a teardown: one done event per node wanted down		nodes	fan	100	100	99	100	0.000140	374704	ok
client	Model.step, a teardown: one done event per node wanted down		nodes	fan	300	300	299	300	0.001312	2822424	ok
client	Model.step, a teardown: one done event per node wanted down		nodes	fan	1000	1000	999	1000	0.009766	29097528	ok
client	Model.step, a teardown: one done event per node wanted down		nodes	fan	3000	3000	2999	3000	0.107205	355231576	ok
client	Model.step, a teardown: one done event per node wanted down		nodes	fan	10000	10000	9999	10000	1.530371	4307825320	ok
client	Model.step, a teardown: one done event per node wanted down		nodes	fan	30000	30000	29999	30000	0.000000	0	stop:timeout
fold	expand (evalDeps, every occurrence visited)		occurrences	tree2	100	100	99	100	0.000019	119840	ok
fold	expand (evalDeps, every occurrence visited)		occurrences	tree2	300	300	299	300	0.000051	356640	ok
fold	expand (evalDeps, every occurrence visited)		occurrences	tree2	1000	1000	999	1000	0.000162	1185440	ok
fold	expand (evalDeps, every occurrence visited)		occurrences	tree2	3000	3000	2999	3000	0.000472	3553440	ok
fold	expand (evalDeps, every occurrence visited)		occurrences	tree2	10000	10000	9999	10000	0.001787	11841440	ok
fold	expand (evalDeps, every occurrence visited)		occurrences	tree2	30000	30000	29999	30000	0.008243	35521440	ok
fold	expand (evalDeps, every occurrence visited)		occurrences	tree2	100000	100000	99999	100000	0.026177	118401440	ok
fold	expand (evalDeps, every occurrence visited)		occurrences	tree2	100000	100000	99999	100000	0.000000	0	stop:cap
fold	expand + foldDag		occurrences	tree2	100	100	99	100	0.000302	627376	ok
fold	expand + foldDag		occurrences	tree2	300	300	299	300	0.001019	2025800	ok
fold	expand + foldDag		occurrences	tree2	1000	1000	999	1000	0.002844	7263720	ok
fold	expand + foldDag		occurrences	tree2	3000	3000	2999	3000	0.012345	23265104	ok
fold	expand + foldDag		occurrences	tree2	10000	10000	9999	10000	0.053248	82692816	ok
fold	expand + foldDag		occurrences	tree2	30000	30000	29999	30000	0.213018	262119848	ok
fold	expand + foldDag		occurrences	tree2	100000	100000	99999	100000	1.014636	928245336	ok
fold	expand + foldDag		occurrences	tree2	100000	100000	99999	100000	0.000000	0	stop:cap
fold	dagOf (the fixture's per-node build, for comparison)		nodes	tree2	100	100	99	100	0.000265	597680	ok
fold	dagOf (the fixture's per-node build, for comparison)		nodes	tree2	300	300	299	300	0.000599	1899312	ok
fold	dagOf (the fixture's per-node build, for comparison)		nodes	tree2	1000	1000	999	1000	0.002741	6744488	ok
fold	dagOf (the fixture's per-node build, for comparison)		nodes	tree2	3000	3000	2999	3000	0.010709	21377792	ok
fold	dagOf (the fixture's per-node build, for comparison)		nodes	tree2	10000	10000	9999	10000	0.046578	75427296	ok
fold	dagOf (the fixture's per-node build, for comparison)		nodes	tree2	30000	30000	29999	30000	0.180815	237922256	ok
fold	dagOf (the fixture's per-node build, for comparison)		nodes	tree2	100000	100000	99999	100000	0.911775	833831552	ok
fold	dagOf (the fixture's per-node build, for comparison)		nodes	tree2	100000	100000	99999	100000	0.000000	0	stop:cap
dag	fromMagma		nodes	tree2	100	100	99	100	0.000260	301288	ok
dag	fromMagma		nodes	tree2	300	300	299	300	0.000669	1081528	ok
dag	fromMagma		nodes	tree2	1000	1000	999	1000	0.002480	4277176	ok
dag	fromMagma		nodes	tree2	3000	3000	2999	3000	0.009426	14680384	ok
dag	fromMagma		nodes	tree2	10000	10000	9999	10000	0.041094	55593784	ok
dag	fromMagma		nodes	tree2	30000	30000	29999	30000	0.190614	185624200	ok
dag	fromMagma		nodes	tree2	100000	100000	99999	100000	1.078302	687599752	ok
dag	fromMagma		nodes	tree2	100000	100000	99999	100000	0.000000	0	stop:cap
dag	mergeDag into an empty Dag		nodes	tree2	100	100	99	100	0.000125	219168	ok
dag	mergeDag into an empty Dag		nodes	tree2	300	300	299	300	0.000647	801600	ok
dag	mergeDag into an empty Dag		nodes	tree2	1000	1000	999	1000	0.002133	3186720	ok
dag	mergeDag into an empty Dag		nodes	tree2	3000	3000	2999	3000	0.008943	11038368	ok
dag	mergeDag into an empty Dag		nodes	tree2	10000	10000	9999	10000	0.041200	41939040	ok
dag	mergeDag into an empty Dag		nodes	tree2	30000	30000	29999	30000	0.194858	139820448	ok
dag	mergeDag into an empty Dag		nodes	tree2	100000	100000	99999	100000	0.951618	520585584	ok
dag	mergeDag into an empty Dag		nodes	tree2	100000	100000	99999	100000	0.000000	0	stop:cap
dag	mergeDag onto itself		nodes	tree2	100	100	99	100	0.000137	224752	ok
dag	mergeDag onto itself		nodes	tree2	300	300	299	300	0.000575	793832	ok
dag	mergeDag onto itself		nodes	tree2	1000	1000	999	1000	0.001939	3152728	ok
dag	mergeDag onto itself		nodes	tree2	3000	3000	2999	3000	0.008851	10836584	ok
dag	mergeDag onto itself		nodes	tree2	10000	10000	9999	10000	0.036516	41494408	ok
dag	mergeDag onto itself		nodes	tree2	30000	30000	29999	30000	0.160877	139154072	ok
dag	mergeDag onto itself		nodes	tree2	100000	100000	99999	100000	0.791620	550674312	ok
dag	mergeDag onto itself		nodes	tree2	100000	100000	99999	100000	0.000000	0	stop:cap
dag	dagEdges		nodes	tree2	100	100	99	100	0.000031	47536	ok
dag	dagEdges		nodes	tree2	300	300	299	300	0.000118	159816	ok
dag	dagEdges		nodes	tree2	1000	1000	999	1000	0.000335	599776	ok
dag	dagEdges		nodes	tree2	3000	3000	2999	3000	0.001191	1998592	ok
dag	dagEdges		nodes	tree2	10000	10000	9999	10000	0.005443	7436936	ok
dag	dagEdges		nodes	tree2	30000	30000	29999	30000	0.023295	24117176	ok
dag	dagEdges		nodes	tree2	100000	100000	99999	100000	0.119443	87650736	ok
dag	dagEdges		nodes	tree2	100000	100000	99999	100000	0.000000	0	stop:cap
dag	roots + leaves		nodes	tree2	100	100	99	100	0.000026	8824	ok
dag	roots + leaves		nodes	tree2	300	300	299	300	0.000114	24024	ok
dag	roots + leaves		nodes	tree2	1000	1000	999	1000	0.000313	77224	ok
dag	roots + leaves		nodes	tree2	3000	3000	2999	3000	0.001095	233280	ok
dag	roots + leaves		nodes	tree2	10000	10000	9999	10000	0.004965	761224	ok
dag	roots + leaves		nodes	tree2	30000	30000	29999	30000	0.018079	2281224	ok
dag	roots + leaves		nodes	tree2	100000	100000	99999	100000	0.097044	7601224	ok
dag	roots + leaves		nodes	tree2	100000	100000	99999	100000	0.000000	0	stop:cap
dag	stuck (waiting on dependencies)		nodes	tree2	100	100	99	100	0.000100	51896	ok
dag	stuck (waiting on dependencies)		nodes	tree2	300	300	299	300	0.000211	182480	ok
dag	stuck (waiting on dependencies)		nodes	tree2	1000	1000	999	1000	0.000886	659912	ok
dag	stuck (waiting on dependencies)		nodes	tree2	3000	3000	2999	3000	0.003111	2222112	ok
dag	stuck (waiting on dependencies)		nodes	tree2	10000	10000	9999	10000	0.013171	8104240	ok
dag	stuck (waiting on dependencies)		nodes	tree2	30000	30000	29999	30000	0.048656	26218312	ok
dag	stuck (waiting on dependencies)		nodes	tree2	100000	100000	99999	100000	0.316150	95358096	ok
dag	stuck (waiting on dependencies)		nodes	tree2	100000	100000	99999	100000	0.000000	0	stop:cap
dag	stuck (waiting on dependants)		nodes	tree2	100	100	99	100	0.000175	54816	ok
dag	stuck (waiting on dependants)		nodes	tree2	300	300	299	300	0.000719	194280	ok
dag	stuck (waiting on dependants)		nodes	tree2	1000	1000	999	1000	0.002906	677352	ok
dag	stuck (waiting on dependants)		nodes	tree2	3000	3000	2999	3000	0.011146	2380072	ok
dag	stuck (waiting on dependants)		nodes	tree2	10000	10000	9999	10000	0.058739	8671160	ok
dag	stuck (waiting on dependants)		nodes	tree2	30000	30000	29999	30000	0.280819	27162992	ok
dag	stuck (waiting on dependants)		nodes	tree2	100000	100000	99999	100000	1.793336	100418096	ok
dag	stuck (waiting on dependants)		nodes	tree2	100000	100000	99999	100000	0.000000	0	stop:cap
walk	upDag (sequential)		nodes	tree2	100	100	99	100	0.000163	150032	ok
walk	upDag (sequential)		nodes	tree2	300	300	299	300	0.000856	516600	ok
walk	upDag (sequential)		nodes	tree2	1000	1000	999	1000	0.001658	1944392	ok
walk	upDag (sequential)		nodes	tree2	3000	3000	2999	3000	0.006748	6575904	ok
walk	upDag (sequential)		nodes	tree2	10000	10000	9999	10000	0.029124	24292032	ok
walk	upDag (sequential)		nodes	tree2	30000	30000	29999	30000	0.126453	79292640	ok
walk	upDag (sequential)		nodes	tree2	100000	100000	99999	100000	0.818633	291246496	ok
walk	upDag (sequential)		nodes	tree2	100000	100000	99999	100000	0.000000	0	stop:cap
walk	downDag (sequential)		nodes	tree2	100	100	99	100	0.000158	129008	ok
walk	downDag (sequential)		nodes	tree2	300	300	299	300	0.000404	456232	ok
walk	downDag (sequential)		nodes	tree2	1000	1000	999	1000	0.002728	1726960	ok
walk	downDag (sequential)		nodes	tree2	3000	3000	2999	3000	0.006623	5930400	ok
walk	downDag (sequential)		nodes	tree2	10000	10000	9999	10000	0.030357	22130720	ok
walk	downDag (sequential)		nodes	tree2	30000	30000	29999	30000	0.126592	72791192	ok
walk	downDag (sequential)		nodes	tree2	100000	100000	99999	100000	0.763949	269955992	ok
walk	downDag (sequential)		nodes	tree2	100000	100000	99999	100000	0.000000	0	stop:cap
walk	upDagConcurrent		nodes	tree2	100	100	99	100	0.000703	636096	ok
walk	upDagConcurrent		nodes	tree2	300	300	299	300	0.001621	2004584	ok
walk	upDagConcurrent		nodes	tree2	1000	1000	999	1000	0.004994	6754856	ok
walk	upDagConcurrent		nodes	tree2	3000	3000	2999	3000	0.024275	20890728	ok
walk	upDagConcurrent		nodes	tree2	10000	10000	9999	10000	0.127833	71131656	ok
walk	upDagConcurrent		nodes	tree2	30000	30000	29999	30000	0.805265	217545728	ok
walk	upDagConcurrent		nodes	tree2	100000	100000	99999	100000	3.258234	742804208	ok
walk	upDagConcurrent		nodes	tree2	100000	100000	99999	100000	0.000000	0	stop:budget
walk	downDagConcurrent		nodes	tree2	100	100	99	100	0.000579	566728	ok
walk	downDagConcurrent		nodes	tree2	300	300	299	300	0.001434	1786336	ok
walk	downDagConcurrent		nodes	tree2	1000	1000	999	1000	0.005395	5974488	ok
walk	downDagConcurrent		nodes	tree2	3000	3000	2999	3000	0.028700	18532896	ok
walk	downDagConcurrent		nodes	tree2	10000	10000	9999	10000	0.159304	63301800	ok
walk	downDagConcurrent		nodes	tree2	30000	30000	29999	30000	0.742282	193281784	ok
walk	downDagConcurrent		nodes	tree2	100000	100000	99999	100000	4.216894	742321648	ok
walk	downDagConcurrent		nodes	tree2	100000	100000	99999	100000	0.000000	0	stop:budget
upkeep	tend nodes already up (settled)	startUpkeep	nodes	tree2	100	100	99	100	0.002084	1088064	ok
upkeep	tend nodes already up (settled)	until every machine is stable	nodes	tree2	100	100	99	100	0.000015	22504	ok
upkeep	tend nodes already up (settled)	stopUpkeep	nodes	tree2	100	100	99	100	0.000183	43248	ok
upkeep	tend nodes already up (settled)	startUpkeep	nodes	tree2	300	300	299	300	0.005994	6903464	ok
upkeep	tend nodes already up (settled)	until every machine is stable	nodes	tree2	300	300	299	300	0.000037	64104	ok
upkeep	tend nodes already up (settled)	stopUpkeep	nodes	tree2	300	300	299	300	0.000276	126576	ok
upkeep	tend nodes already up (settled)	startUpkeep	nodes	tree2	1000	1000	999	1000	0.022828	32640712	ok
upkeep	tend nodes already up (settled)	until every machine is stable	nodes	tree2	1000	1000	999	1000	0.000100	209704	ok
upkeep	tend nodes already up (settled)	stopUpkeep	nodes	tree2	1000	1000	999	1000	0.001267	416592	ok
upkeep	tend nodes already up (settled)	startUpkeep	nodes	tree2	3000	3000	2999	3000	0.098564	115223568	ok
upkeep	tend nodes already up (settled)	until every machine is stable	nodes	tree2	3000	3000	2999	3000	0.000400	625704	ok
upkeep	tend nodes already up (settled)	stopUpkeep	nodes	tree2	3000	3000	2999	3000	0.002460	1246608	ok
upkeep	tend nodes already up (settled)	startUpkeep	nodes	tree2	10000	10000	9999	10000	0.405500	419456472	ok
upkeep	tend nodes already up (settled)	until every machine is stable	nodes	tree2	10000	10000	9999	10000	0.001825	2081704	ok
upkeep	tend nodes already up (settled)	stopUpkeep	nodes	tree2	10000	10000	9999	10000	0.014249	4150664	ok
upkeep	tend nodes already up (settled)	startUpkeep	nodes	tree2	30000	30000	29999	30000	1.956116	1317177896	ok
upkeep	tend nodes already up (settled)	until every machine is stable	nodes	tree2	30000	30000	29999	30000	0.013283	7164752	ok
upkeep	tend nodes already up (settled)	stopUpkeep	nodes	tree2	30000	30000	29999	30000	0.056248	13035672	ok
upkeep	tend nodes already up (settled)		nodes	tree2	100000	100000	99999	100000	0.000000	0	stop:heap
upkeep	bring nodes up (unsettled)	startUpkeep	nodes	tree2	100	100	99	100	0.002103	1255752	ok
upkeep	bring nodes up (unsettled)	until every machine is stable	nodes	tree2	100	100	99	100	0.000091	35512	ok
upkeep	bring nodes up (unsettled)	stopUpkeep	nodes	tree2	100	100	99	100	0.000112	43248	ok
upkeep	bring nodes up (unsettled)	startUpkeep	nodes	tree2	300	300	299	300	0.004728	7336680	ok
upkeep	bring nodes up (unsettled)	until every machine is stable	nodes	tree2	300	300	299	300	0.000096	180104	ok
upkeep	bring nodes up (unsettled)	stopUpkeep	nodes	tree2	300	300	299	300	0.000238	126576	ok
upkeep	bring nodes up (unsettled)	startUpkeep	nodes	tree2	1000	1000	999	1000	0.022860	10704752	ok
upkeep	bring nodes up (unsettled)	until every machine is stable	nodes	tree2	1000	1000	999	1000	0.015079	24858744	ok
upkeep	bring nodes up (unsettled)	stopUpkeep	nodes	tree2	1000	1000	999	1000	0.000560	416592	ok
upkeep	bring nodes up (unsettled)	startUpkeep	nodes	tree2	3000	3000	2999	3000	0.088607	120451080	ok
upkeep	bring nodes up (unsettled)	until every machine is stable	nodes	tree2	3000	3000	2999	3000	0.000742	987304	ok
upkeep	bring nodes up (unsettled)	stopUpkeep	nodes	tree2	3000	3000	2999	3000	0.002422	1246608	ok
upkeep	bring nodes up (unsettled)	startUpkeep	nodes	tree2	10000	10000	9999	10000	0.234474	154767848	ok
upkeep	bring nodes up (unsettled)	until every machine is stable	nodes	tree2	10000	10000	9999	10000	0.267577	295037064	ok
upkeep	bring nodes up (unsettled)	stopUpkeep	nodes	tree2	10000	10000	9999	10000	0.014434	4150664	ok
upkeep	bring nodes up (unsettled)	startUpkeep	nodes	tree2	30000	30000	29999	30000	1.066110	593848712	ok
upkeep	bring nodes up (unsettled)	until every machine is stable	nodes	tree2	30000	30000	29999	30000	1.724658	813740056	ok
upkeep	bring nodes up (unsettled)	stopUpkeep	nodes	tree2	30000	30000	29999	30000	0.068959	12826152	ok
upkeep	bring nodes up (unsettled)		nodes	tree2	100000	100000	99999	100000	0.000000	0	stop:heap
upkeep	managed nodes: hold, hand over, adopt	startUpkeep	nodes	tree2	100	100	99	100	0.001409	915424	ok
upkeep	managed nodes: hold, hand over, adopt	until every machine is stable	nodes	tree2	100	100	99	100	0.001396	3616888	ok
upkeep	managed nodes: hold, hand over, adopt	stopUpkeep (machines kept)	nodes	tree2	100	100	99	100	0.000062	81144	ok
upkeep	managed nodes: hold, hand over, adopt	startUpkeep (adopting)	nodes	tree2	100	100	99	100	0.000180	282704	ok
upkeep	managed nodes: hold, hand over, adopt	stopUpkeep + releaseKept	nodes	tree2	100	100	99	100	0.000852	347816	ok
upkeep	managed nodes: hold, hand over, adopt	startUpkeep	nodes	tree2	300	300	299	300	0.002381	2816832	ok
upkeep	managed nodes: hold, hand over, adopt	until every machine is stable	nodes	tree2	300	300	299	300	0.003216	11370752	ok
upkeep	managed nodes: hold, hand over, adopt	stopUpkeep (machines kept)	nodes	tree2	300	300	299	300	0.000073	241024	ok
upkeep	managed nodes: hold, hand over, adopt	startUpkeep (adopting)	nodes	tree2	300	300	299	300	0.000555	827112	ok
upkeep	managed nodes: hold, hand over, adopt	stopUpkeep + releaseKept	nodes	tree2	300	300	299	300	0.002532	1094552	ok
upkeep	managed nodes: hold, hand over, adopt	startUpkeep	nodes	tree2	1000	1000	999	1000	0.014660	9660256	ok
upkeep	managed nodes: hold, hand over, adopt	until every machine is stable	nodes	tree2	1000	1000	999	1000	0.016606	38463840	ok
upkeep	managed nodes: hold, hand over, adopt	stopUpkeep (machines kept)	nodes	tree2	1000	1000	999	1000	0.000243	794368	ok
upkeep	managed nodes: hold, hand over, adopt	startUpkeep (adopting)	nodes	tree2	1000	1000	999	1000	0.002366	2951552	ok
upkeep	managed nodes: hold, hand over, adopt	stopUpkeep + releaseKept	nodes	tree2	1000	1000	999	1000	0.011517	17933640	ok
upkeep	managed nodes: hold, hand over, adopt	startUpkeep	nodes	tree2	3000	3000	2999	3000	0.067147	30381200	ok
upkeep	managed nodes: hold, hand over, adopt	until every machine is stable	nodes	tree2	3000	3000	2999	3000	0.081430	118121584	ok
upkeep	managed nodes: hold, hand over, adopt	stopUpkeep (machines kept)	nodes	tree2	3000	3000	2999	3000	0.001590	2385464	ok
upkeep	managed nodes: hold, hand over, adopt	startUpkeep (adopting)	nodes	tree2	3000	3000	2999	3000	0.010947	9479912	ok
upkeep	managed nodes: hold, hand over, adopt	stopUpkeep + releaseKept	nodes	tree2	3000	3000	2999	3000	0.052987	97127720	ok
upkeep	managed nodes: hold, hand over, adopt	startUpkeep	nodes	tree2	10000	10000	9999	10000	0.278489	105962120	ok
upkeep	managed nodes: hold, hand over, adopt	until every machine is stable	nodes	tree2	10000	10000	9999	10000	0.445673	419065512	ok
upkeep	managed nodes: hold, hand over, adopt	stopUpkeep (machines kept)	nodes	tree2	10000	10000	9999	10000	0.011089	8501808	ok
upkeep	managed nodes: hold, hand over, adopt	startUpkeep (adopting)	nodes	tree2	10000	10000	9999	10000	0.064053	33374896	ok
upkeep	managed nodes: hold, hand over, adopt	stopUpkeep + releaseKept	nodes	tree2	10000	10000	9999	10000	0.281473	313427896	ok
upkeep	managed nodes: hold, hand over, adopt	startUpkeep	nodes	tree2	30000	30000	29999	30000	0.881984	332294928	ok
upkeep	managed nodes: hold, hand over, adopt	until every machine is stable	nodes	tree2	30000	30000	29999	30000	2.890056	1331008664	ok
upkeep	managed nodes: hold, hand over, adopt	stopUpkeep (machines kept)	nodes	tree2	30000	30000	29999	30000	0.061493	23834896	ok
upkeep	managed nodes: hold, hand over, adopt	startUpkeep (adopting)	nodes	tree2	30000	30000	29999	30000	0.660400	146681264	ok
upkeep	managed nodes: hold, hand over, adopt	stopUpkeep + releaseKept	nodes	tree2	30000	30000	29999	30000	2.046560	865377344	ok
upkeep	managed nodes: hold, hand over, adopt		nodes	tree2	30000	30000	29999	30000	0.000000	0	stop:budget
rewrite	no phase registered (wholeGraph + rewrite)		nodes	tree2	100	100	99	100	0.000005	17184	ok
rewrite	no phase registered (wholeGraph + rewrite)		nodes	tree2	300	300	299	300	0.000013	49184	ok
rewrite	no phase registered (wholeGraph + rewrite)		nodes	tree2	1000	1000	999	1000	0.000053	161184	ok
rewrite	no phase registered (wholeGraph + rewrite)		nodes	tree2	3000	3000	2999	3000	0.000150	485240	ok
rewrite	no phase registered (wholeGraph + rewrite)		nodes	tree2	10000	10000	9999	10000	0.000461	1601184	ok
rewrite	no phase registered (wholeGraph + rewrite)		nodes	tree2	30000	30000	29999	30000	0.001543	4801184	ok
rewrite	no phase registered (wholeGraph + rewrite)		nodes	tree2	100000	100000	99999	100000	0.006108	16001184	ok
rewrite	no phase registered (wholeGraph + rewrite)		nodes	tree2	100000	100000	99999	100000	0.000000	0	stop:cap
rewrite	one batch of a tenth of the nodes		nodes	tree2	100	100	99	100	0.000091	173672	ok
rewrite	one batch of a tenth of the nodes		nodes	tree2	300	300	299	300	0.000305	554144	ok
rewrite	one batch of a tenth of the nodes		nodes	tree2	1000	1000	999	1000	0.001197	2170000	ok
rewrite	one batch of a tenth of the nodes		nodes	tree2	3000	3000	2999	3000	0.004976	8316744	ok
rewrite	one batch of a tenth of the nodes		nodes	tree2	10000	10000	9999	10000	0.027754	48787992	ok
rewrite	one batch of a tenth of the nodes		nodes	tree2	30000	30000	29999	30000	0.135340	414509520	ok
rewrite	one batch of a tenth of the nodes		nodes	tree2	100000	100000	99999	100000	1.303778	4515872520	ok
rewrite	one batch of a tenth of the nodes		nodes	tree2	100000	100000	99999	100000	0.000000	0	stop:cap
rewrite	sixteen batches of a tenth of the nodes		nodes	tree2	100	100	99	100	0.000943	1496656	ok
rewrite	sixteen batches of a tenth of the nodes		nodes	tree2	300	300	299	300	0.002973	7133160	ok
rewrite	sixteen batches of a tenth of the nodes		nodes	tree2	1000	1000	999	1000	0.010269	24461600	ok
rewrite	sixteen batches of a tenth of the nodes		nodes	tree2	3000	3000	2999	3000	0.042175	76505832	ok
rewrite	sixteen batches of a tenth of the nodes		nodes	tree2	10000	10000	9999	10000	0.227024	270193688	ok
rewrite	sixteen batches of a tenth of the nodes		nodes	tree2	30000	30000	29999	30000	0.990148	858586784	ok
rewrite	sixteen batches of a tenth of the nodes		nodes	tree2	100000	100000	99999	100000	5.313373	3120235576	ok
rewrite	sixteen batches of a tenth of the nodes		nodes	tree2	100000	100000	99999	100000	0.000000	0	stop:budget
ledger	eight overlapping declarations	contribution (of one Dag)	nodes	tree2	100	100	99	100	0.000222	52424	ok
ledger	eight overlapping declarations	desired	nodes	tree2	100	100	99	100	0.000036	18608	ok
ledger	eight overlapping declarations	precedenceOf	nodes	tree2	100	100	99	100	0.000045	22048	ok
ledger	eight overlapping declarations	knownRefs	nodes	tree2	100	100	99	100	0.000031	18608	ok
ledger	eight overlapping declarations	retractAll + collect, nothing standing	nodes	tree2	100	100	99	100	0.000011	1984	ok
ledger	eight overlapping declarations	contribution (of one Dag)	nodes	tree2	300	300	299	300	0.000145	172640	ok
ledger	eight overlapping declarations	desired	nodes	tree2	300	300	299	300	0.000069	56848	ok
ledger	eight overlapping declarations	precedenceOf	nodes	tree2	300	300	299	300	0.000101	92688	ok
ledger	eight overlapping declarations	knownRefs	nodes	tree2	300	300	299	300	0.000061	56848	ok
ledger	eight overlapping declarations	retractAll + collect, nothing standing	nodes	tree2	300	300	299	300	0.000021	1984	ok
ledger	eight overlapping declarations	contribution (of one Dag)	nodes	tree2	1000	1000	999	1000	0.000333	639776	ok
ledger	eight overlapping declarations	desired	nodes	tree2	1000	1000	999	1000	0.000207	180288	ok
ledger	eight overlapping declarations	precedenceOf	nodes	tree2	1000	1000	999	1000	0.000300	260408	ok
ledger	eight overlapping declarations	knownRefs	nodes	tree2	1000	1000	999	1000	0.000204	180288	ok
ledger	eight overlapping declarations	retractAll + collect, nothing standing	nodes	tree2	1000	1000	999	1000	0.000075	1984	ok
ledger	eight overlapping declarations	contribution (of one Dag)	nodes	tree2	3000	3000	2999	3000	0.001295	2114536	ok
ledger	eight overlapping declarations	desired	nodes	tree2	3000	3000	2999	3000	0.000613	531368	ok
ledger	eight overlapping declarations	precedenceOf	nodes	tree2	3000	3000	2999	3000	0.000877	782168	ok
ledger	eight overlapping declarations	knownRefs	nodes	tree2	3000	3000	2999	3000	0.000623	531368	ok
ledger	eight overlapping declarations	retractAll + collect, nothing standing	nodes	tree2	3000	3000	2999	3000	0.000215	1984	ok
ledger	eight overlapping declarations	contribution (of one Dag)	nodes	tree2	10000	10000	9999	10000	0.007308	7836936	ok
ledger	eight overlapping declarations	desired	nodes	tree2	10000	10000	9999	10000	0.002256	1786688	ok
ledger	eight overlapping declarations	precedenceOf	nodes	tree2	10000	10000	9999	10000	0.003199	2690168	ok
ledger	eight overlapping declarations	knownRefs	nodes	tree2	10000	10000	9999	10000	0.002234	1786688	ok
ledger	eight overlapping declarations	retractAll + collect, nothing standing	nodes	tree2	10000	10000	9999	10000	0.000703	1984	ok
ledger	eight overlapping declarations	contribution (of one Dag)	nodes	tree2	30000	30000	29999	30000	0.026702	25317176	ok
ledger	eight overlapping declarations	desired	nodes	tree2	30000	30000	29999	30000	0.007053	5419048	ok
ledger	eight overlapping declarations	precedenceOf	nodes	tree2	30000	30000	29999	30000	0.011462	8062408	ok
ledger	eight overlapping declarations	knownRefs	nodes	tree2	30000	30000	29999	30000	0.007845	5419048	ok
ledger	eight overlapping declarations	retractAll + collect, nothing standing	nodes	tree2	30000	30000	29999	30000	0.002327	1984	ok
ledger	eight overlapping declarations	contribution (of one Dag)	nodes	tree2	100000	100000	99999	100000	0.144444	91650736	ok
ledger	eight overlapping declarations	desired	nodes	tree2	100000	100000	99999	100000	0.030296	18058688	ok
ledger	eight overlapping declarations	precedenceOf	nodes	tree2	100000	100000	99999	100000	0.051168	28189328	ok
ledger	eight overlapping declarations	knownRefs	nodes	tree2	100000	100000	99999	100000	0.030646	18058688	ok
ledger	eight overlapping declarations	retractAll + collect, nothing standing	nodes	tree2	100000	100000	99999	100000	0.008611	1984	ok
ledger	eight overlapping declarations		nodes	tree2	100000	100000	99999	100000	0.000000	0	stop:cap
query	outline		nodes	tree2	100	100	99	100	0.000202	520552	ok
query	outline		nodes	tree2	300	300	299	300	0.000622	1621792	ok
query	outline		nodes	tree2	1000	1000	999	1000	0.001952	5561712	ok
query	outline		nodes	tree2	3000	3000	2999	3000	0.007361	17313480	ok
query	outline		nodes	tree2	10000	10000	9999	10000	0.031007	59498328	ok
query	outline		nodes	tree2	30000	30000	29999	30000	0.116532	183964808	ok
query	outline		nodes	tree2	100000	100000	99999	100000	0.509173	633508992	ok
query	outline		nodes	tree2	100000	100000	99999	100000	0.000000	0	stop:cap
query	paths per node (outline + outlinePaths, as worldPaths)		nodes	tree2	100	100	99	100	0.000260	804776	ok
query	paths per node (outline + outlinePaths, as worldPaths)		nodes	tree2	300	300	299	300	0.000964	2613072	ok
query	paths per node (outline + outlinePaths, as worldPaths)		nodes	tree2	1000	1000	999	1000	0.004233	9324136	ok
query	paths per node (outline + outlinePaths, as worldPaths)		nodes	tree2	3000	3000	2999	3000	0.016193	30018856	ok
query	paths per node (outline + outlinePaths, as worldPaths)		nodes	tree2	10000	10000	9999	10000	0.076943	106741752	ok
query	paths per node (outline + outlinePaths, as worldPaths)		nodes	tree2	30000	30000	29999	30000	0.325551	338946680	ok
query	paths per node (outline + outlinePaths, as worldPaths)		nodes	tree2	100000	100000	99999	100000	1.657788	1200568168	ok
query	paths per node (outline + outlinePaths, as worldPaths)		nodes	tree2	100000	100000	99999	100000	0.000000	0	stop:cap
query	resolveSelectors (select **, exclude **/n1/**)		nodes	tree2	100	100	99	100	0.000460	815400	ok
query	resolveSelectors (select **, exclude **/n1/**)		nodes	tree2	300	300	299	300	0.001959	2593912	ok
query	resolveSelectors (select **, exclude **/n1/**)		nodes	tree2	1000	1000	999	1000	0.004789	9100144	ok
query	resolveSelectors (select **, exclude **/n1/**)		nodes	tree2	3000	3000	2999	3000	0.018312	29510632	ok
query	resolveSelectors (select **, exclude **/n1/**)		nodes	tree2	10000	10000	9999	10000	0.080023	103032584	ok
query	resolveSelectors (select **, exclude **/n1/**)		nodes	tree2	30000	30000	29999	30000	0.319577	322669200	ok
query	resolveSelectors (select **, exclude **/n1/**)		nodes	tree2	100000	100000	99999	100000	1.694080	1151341008	ok
query	resolveSelectors (select **, exclude **/n1/**)		nodes	tree2	100000	100000	99999	100000	0.000000	0	stop:cap
query	query show --dedupe (renderAnnotated)		nodes	tree2	100	100	99	100	0.000438	822688	ok
query	query show --dedupe (renderAnnotated)		nodes	tree2	300	300	299	300	0.000758	2721368	ok
query	query show --dedupe (renderAnnotated)		nodes	tree2	1000	1000	999	1000	0.003380	9949072	ok
query	query show --dedupe (renderAnnotated)		nodes	tree2	3000	3000	2999	3000	0.013125	32558456	ok
query	query show --dedupe (renderAnnotated)		nodes	tree2	10000	10000	9999	10000	0.059787	117703704	ok
query	query show --dedupe (renderAnnotated)		nodes	tree2	30000	30000	29999	30000	0.225993	379251384	ok
query	query show --dedupe (renderAnnotated)		nodes	tree2	100000	100000	99999	100000	0.939604	1357814680	ok
query	query show --dedupe (renderAnnotated)		nodes	tree2	100000	100000	99999	100000	0.000000	0	stop:cap
query	query show, every path (renderAnnotated)		occurrences	tree2	100	100	99	100	0.000171	749760	ok
query	query show, every path (renderAnnotated)		occurrences	tree2	300	300	299	300	0.000556	2473800	ok
query	query show, every path (renderAnnotated)		occurrences	tree2	1000	1000	999	1000	0.002493	9064568	ok
query	query show, every path (renderAnnotated)		occurrences	tree2	3000	3000	2999	3000	0.009555	29636000	ok
query	query show, every path (renderAnnotated)		occurrences	tree2	10000	10000	9999	10000	0.040916	107239424	ok
query	query show, every path (renderAnnotated)		occurrences	tree2	30000	30000	29999	30000	0.141899	345912520	ok
query	query show, every path (renderAnnotated)		occurrences	tree2	100000	100000	99999	100000	0.504629	1237383352	ok
query	query show, every path (renderAnnotated)		occurrences	tree2	100000	100000	99999	100000	0.000000	0	stop:cap
query	query plan (expand, fold, resolve, encode)		occurrences	tree2	100	100	99	100	0.000380	994456	ok
query	query plan (expand, fold, resolve, encode)		occurrences	tree2	300	300	299	300	0.001387	3204680	ok
query	query plan (expand, fold, resolve, encode)		occurrences	tree2	1000	1000	999	1000	0.005792	11490672	ok
query	query plan (expand, fold, resolve, encode)		occurrences	tree2	3000	3000	2999	3000	0.023646	37979760	ok
query	query plan (expand, fold, resolve, encode)		occurrences	tree2	10000	10000	9999	10000	0.104780	134470456	ok
query	query plan (expand, fold, resolve, encode)		occurrences	tree2	30000	30000	29999	30000	0.407428	425930304	ok
query	query plan (expand, fold, resolve, encode)		occurrences	tree2	100000	100000	99999	100000	2.398990	1543121328	ok
query	query plan (expand, fold, resolve, encode)		occurrences	tree2	100000	100000	99999	100000	0.000000	0	stop:budget
query	run tree (dagLines)		nodes	tree2	100	100	99	100	0.000075	66584	ok
query	run tree (dagLines)		nodes	tree2	300	300	299	300	0.000246	199296	ok
query	run tree (dagLines)		nodes	tree2	1000	1000	999	1000	0.000748	663712	ok
query	run tree (dagLines)		nodes	tree2	3000	3000	2999	3000	0.002261	1990560	ok
query	run tree (dagLines)		nodes	tree2	10000	10000	9999	10000	0.009148	6635120	ok
query	run tree (dagLines)		nodes	tree2	30000	30000	29999	30000	0.038961	19906072	ok
query	run tree (dagLines)		nodes	tree2	100000	100000	99999	100000	0.154446	66352704	ok
query	run tree (dagLines)		nodes	tree2	100000	100000	99999	100000	0.000000	0	stop:cap
query	run dag (printDagCograph, to /dev/null)		nodes	tree2	100	100	99	100	0.000132	739232	ok
query	run dag (printDagCograph, to /dev/null)		nodes	tree2	300	300	299	300	0.000340	2066344	ok
query	run dag (printDagCograph, to /dev/null)		nodes	tree2	1000	1000	999	1000	0.001116	6703408	ok
query	run dag (printDagCograph, to /dev/null)		nodes	tree2	3000	3000	2999	3000	0.003424	20065584	ok
query	run dag (printDagCograph, to /dev/null)		nodes	tree2	10000	10000	9999	10000	0.013395	66808808	ok
query	run dag (printDagCograph, to /dev/null)		nodes	tree2	30000	30000	29999	30000	0.041743	201551456	ok
query	run dag (printDagCograph, to /dev/null)		nodes	tree2	100000	100000	99999	100000	0.178133	673124536	ok
query	run dag (printDagCograph, to /dev/null)		nodes	tree2	100000	100000	99999	100000	0.000000	0	stop:cap
serve	loop	record a declaration (expand, fold, ledger)	occurrences	tree2	100	100	99	100	0.000758	782144	ok
serve	loop	before the first pass (rewrite, worldDag)	occurrences	tree2	100	100	99	100	0.000013	32832	ok
serve	loop	first pass, every node up	occurrences	tree2	100	100	99	100	0.001776	2349816	ok
serve	loop	status	occurrences	tree2	100	100	99	100	0.000242	460160	ok
serve	loop	before the idle pass	occurrences	tree2	100	100	99	100	0.000010	31952	ok
serve	loop	idle pass, nothing pending	occurrences	tree2	100	100	99	100	0.000054	80568	ok
serve	loop	clear	occurrences	tree2	100	100	99	100	0.000002	2976	ok
serve	loop	before the teardown pass	occurrences	tree2	100	100	99	100	0.000041	92712	ok
serve	loop	teardown pass, every node down	occurrences	tree2	100	100	99	100	0.000938	1133768	ok
serve	loop	record a declaration (expand, fold, ledger)	occurrences	tree2	300	300	299	300	0.001685	2488312	ok
serve	loop	before the first pass (rewrite, worldDag)	occurrences	tree2	300	300	299	300	0.000024	99256	ok
serve	loop	first pass, every node up	occurrences	tree2	300	300	299	300	0.003821	9086528	ok
serve	loop	status	occurrences	tree2	300	300	299	300	0.000809	1566536	ok
serve	loop	before the idle pass	occurrences	tree2	300	300	299	300	0.000019	87440	ok
serve	loop	idle pass, nothing pending	occurrences	tree2	300	300	299	300	0.000157	236504	ok
serve	loop	clear	occurrences	tree2	300	300	299	300	0.000002	2784	ok
serve	loop	before the teardown pass	occurrences	tree2	300	300	299	300	0.000135	272648	ok
serve	loop	teardown pass, every node down	occurrences	tree2	300	300	299	300	0.002643	6070248	ok
serve	loop	record a declaration (expand, fold, ledger)	occurrences	tree2	1000	1000	999	1000	0.004940	8850448	ok
serve	loop	before the first pass (rewrite, worldDag)	occurrences	tree2	1000	1000	999	1000	0.000078	313632	ok
serve	loop	first pass, every node up	occurrences	tree2	1000	1000	999	1000	0.019695	33402456	ok
serve	loop	status	occurrences	tree2	1000	1000	999	1000	0.003348	5825200	ok
serve	loop	before the idle pass	occurrences	tree2	1000	1000	999	1000	0.000049	283440	ok
serve	loop	idle pass, nothing pending	occurrences	tree2	1000	1000	999	1000	0.000517	777064	ok
serve	loop	clear	occurrences	tree2	1000	1000	999	1000	0.000003	2784	ok
serve	loop	before the teardown pass	occurrences	tree2	1000	1000	999	1000	0.000437	897208	ok
serve	loop	teardown pass, every node down	occurrences	tree2	1000	1000	999	1000	0.014830	28314648	ok
serve	loop	record a declaration (expand, fold, ledger)	occurrences	tree2	3000	3000	2999	3000	0.016204	28273872	ok
serve	loop	before the first pass (rewrite, worldDag)	occurrences	tree2	3000	3000	2999	3000	0.000201	937632	ok
serve	loop	first pass, every node up	occurrences	tree2	3000	3000	2999	3000	0.064895	105909568	ok
serve	loop	status	occurrences	tree2	3000	3000	2999	3000	0.014884	19434184	ok
serve	loop	before the idle pass	occurrences	tree2	3000	3000	2999	3000	0.000203	843440	ok
serve	loop	idle pass, nothing pending	occurrences	tree2	3000	3000	2999	3000	0.001753	2327672	ok
serve	loop	clear	occurrences	tree2	3000	3000	2999	3000	0.000003	2784	ok
serve	loop	before the teardown pass	occurrences	tree2	3000	3000	2999	3000	0.001449	2687816	ok
serve	loop	teardown pass, every node down	occurrences	tree2	3000	3000	2999	3000	0.066782	84170560	ok
serve	loop	record a declaration (expand, fold, ledger)	occurrences	tree2	10000	10000	9999	10000	0.069128	100247616	ok
serve	loop	before the first pass (rewrite, worldDag)	occurrences	tree2	10000	10000	9999	10000	0.000783	3121632	ok
serve	loop	first pass, every node up	occurrences	tree2	10000	10000	9999	10000	0.285764	366499408	ok
serve	loop	status	occurrences	tree2	10000	10000	9999	10000	0.067071	71354040	ok
serve	loop	before the idle pass	occurrences	tree2	10000	10000	9999	10000	0.000899	2803440	ok
serve	loop	idle pass, nothing pending	occurrences	tree2	10000	10000	9999	10000	0.007183	7750952	ok
serve	loop	clear	occurrences	tree2	10000	10000	9999	10000	0.000007	2784	ok
serve	loop	before the teardown pass	occurrences	tree2	10000	10000	9999	10000	0.006010	8951096	ok
serve	loop	teardown pass, every node down	occurrences	tree2	10000	10000	9999	10000	0.285648	293242728	ok
serve	loop	record a declaration (expand, fold, ledger)	occurrences	tree2	30000	30000	29999	30000	0.260115	317467816	ok
serve	loop	before the first pass (rewrite, worldDag)	occurrences	tree2	30000	30000	29999	30000	0.002857	9361632	ok
serve	loop	first pass, every node up	occurrences	tree2	30000	30000	29999	30000	1.101209	1121483976	ok
serve	loop	status	occurrences	tree2	30000	30000	29999	30000	0.353343	231852520	ok
serve	loop	before the idle pass	occurrences	tree2	30000	30000	29999	30000	0.005009	8403440	ok
serve	loop	idle pass, nothing pending	occurrences	tree2	30000	30000	29999	30000	0.038706	23263864	ok
serve	loop	clear	occurrences	tree2	30000	30000	29999	30000	0.000008	2784	ok
serve	loop	before the teardown pass	occurrences	tree2	30000	30000	29999	30000	0.036869	26868032	ok
serve	loop	teardown pass, every node down	occurrences	tree2	30000	30000	29999	30000	1.687401	904838032	ok
serve	loop		occurrences	tree2	0	1	0	1	0.000000	0	stop:exit 251
render	GET /dag (dagValue + encode)		nodes	tree2	100	100	99	100	0.000504	2206968	ok
render	GET /dag (dagValue + encode)		nodes	tree2	300	300	299	300	0.001695	6656032	ok
render	GET /dag (dagValue + encode)		nodes	tree2	1000	1000	999	1000	0.007740	22111256	ok
render	GET /dag (dagValue + encode)		nodes	tree2	3000	3000	2999	3000	0.022366	66293216	ok
render	GET /dag (dagValue + encode)		nodes	tree2	10000	10000	9999	10000	0.076620	221091512	ok
render	GET /dag (dagValue + encode)		nodes	tree2	30000	30000	29999	30000	0.282160	663545568	ok
render	GET /dag (dagValue + encode)		nodes	tree2	100000	100000	99999	100000	1.270915	2213366960	ok
render	GET /dag (dagValue + encode)		nodes	tree2	100000	100000	99999	100000	0.000000	0	stop:cap
render	GET /status (status report + encode)		nodes	tree2	100	100	99	100	0.000226	1105576	ok
render	GET /status (status report + encode)		nodes	tree2	300	300	299	300	0.000782	3210032	ok
render	GET /status (status report + encode)		nodes	tree2	1000	1000	999	1000	0.002630	10686768	ok
render	GET /status (status report + encode)		nodes	tree2	3000	3000	2999	3000	0.007710	31986744	ok
render	GET /status (status report + encode)		nodes	tree2	10000	10000	9999	10000	0.030125	106766120	ok
render	GET /status (status report + encode)		nodes	tree2	30000	30000	29999	30000	0.104233	320385016	ok
render	GET /status (status report + encode)		nodes	tree2	100000	100000	99999	100000	0.395869	1069457584	ok
render	GET /status (status report + encode)		nodes	tree2	100000	100000	99999	100000	0.000000	0	stop:cap
render	status sink document (encode)		nodes	tree2	100	100	99	100	0.000694	1119712	ok
render	status sink document (encode)		nodes	tree2	300	300	299	300	0.001122	3224016	ok
render	status sink document (encode)		nodes	tree2	1000	1000	999	1000	0.002668	10700392	ok
render	status sink document (encode)		nodes	tree2	3000	3000	2999	3000	0.007489	32004584	ok
render	status sink document (encode)		nodes	tree2	10000	10000	9999	10000	0.032141	106775640	ok
render	status sink document (encode)		nodes	tree2	30000	30000	29999	30000	0.096172	320396312	ok
render	status sink document (encode)		nodes	tree2	100000	100000	99999	100000	0.390917	1069467720	ok
render	status sink document (encode)		nodes	tree2	100000	100000	99999	100000	0.000000	0	stop:cap
client	Model.fromDag		nodes	tree2	100	100	99	100	0.000105	238544	ok
client	Model.fromDag		nodes	tree2	300	300	299	300	0.000275	734096	ok
client	Model.fromDag		nodes	tree2	1000	1000	999	1000	0.001030	2524384	ok
client	Model.fromDag		nodes	tree2	3000	3000	2999	3000	0.004182	7926512	ok
client	Model.fromDag		nodes	tree2	10000	10000	9999	10000	0.022727	27204336	ok
client	Model.fromDag		nodes	tree2	30000	30000	29999	30000	0.085635	84005456	ok
client	Model.fromDag		nodes	tree2	100000	100000	99999	100000	0.470227	288791552	ok
client	Model.fromDag		nodes	tree2	100000	100000	99999	100000	0.000000	0	stop:cap
client	Model.step, one done event per node		nodes	tree2	100	100	99	100	0.000079	110912	ok
client	Model.step, one done event per node		nodes	tree2	300	300	299	300	0.000209	350824	ok
client	Model.step, one done event per node		nodes	tree2	1000	1000	999	1000	0.000679	1247976	ok
client	Model.step, one done event per node		nodes	tree2	3000	3000	2999	3000	0.002642	3999496	ok
client	Model.step, one done event per node		nodes	tree2	10000	10000	9999	10000	0.014498	14103432	ok
client	Model.step, one done event per node		nodes	tree2	30000	30000	29999	30000	0.077262	44682904	ok
client	Model.step, one done event per node		nodes	tree2	100000	100000	99999	100000	0.298578	157674552	ok
client	Model.step, one done event per node		nodes	tree2	100000	100000	99999	100000	0.000000	0	stop:cap
client	Model.step, a teardown: one done event per node wanted down		nodes	tree2	100	100	99	100	0.000124	373936	ok
client	Model.step, a teardown: one done event per node wanted down		nodes	tree2	300	300	299	300	0.000885	2822536	ok
client	Model.step, a teardown: one done event per node wanted down		nodes	tree2	1000	1000	999	1000	0.009831	29086536	ok
client	Model.step, a teardown: one done event per node wanted down		nodes	tree2	3000	3000	2999	3000	0.110475	355228648	ok
client	Model.step, a teardown: one done event per node wanted down		nodes	tree2	10000	10000	9999	10000	1.604743	4307739960	ok
client	Model.step, a teardown: one done event per node wanted down		nodes	tree2	30000	30000	29999	30000	0.000000	0	stop:timeout
fold	expand (evalDeps, every occurrence visited)		occurrences	diamonds2	15	13	16	61	0.000021	72472	ok
fold	expand (evalDeps, every occurrence visited)		occurrences	diamonds2	21	19	24	253	0.000089	295224	ok
fold	expand (evalDeps, every occurrence visited)		occurrences	diamonds2	24	22	28	509	0.000155	592216	ok
fold	expand (evalDeps, every occurrence visited)		occurrences	diamonds2	30	28	36	2045	0.000625	2373992	ok
fold	expand (evalDeps, every occurrence visited)		occurrences	diamonds2	36	34	44	8189	0.002409	9501048	ok
fold	expand (evalDeps, every occurrence visited)		occurrences	diamonds2	39	37	48	16381	0.004218	19003768	ok
fold	expand (evalDeps, every occurrence visited)		occurrences	diamonds2	45	43	56	65533	0.015163	76020120	ok
fold	expand (evalDeps, every occurrence visited)		occurrences	diamonds2	51	49	64	262141	0.061315	304085400	ok
fold	expand (evalDeps, every occurrence visited)		occurrences	diamonds2	54	52	68	524285	0.126778	608173280	ok
fold	expand (evalDeps, every occurrence visited)		occurrences	diamonds2	60	58	76	2097149	0.499133	2432695536	ok
fold	expand (evalDeps, every occurrence visited)		occurrences	diamonds2	66	64	84	8388605	1.967663	9730784512	ok
fold	expand (evalDeps, every occurrence visited)		occurrences	diamonds2	69	67	88	16777213	3.999565	19461569808	ok
fold	expand (evalDeps, every occurrence visited)		occurrences	diamonds2	69	67	88	16777213	0.000000	0	stop:budget
fold	expand + foldDag		occurrences	diamonds2	15	13	16	61	0.000151	351552	ok
fold	expand + foldDag		occurrences	diamonds2	21	19	24	253	0.000587	1449800	ok
fold	expand + foldDag		occurrences	diamonds2	24	22	28	509	0.000690	3066256	ok
fold	expand + foldDag		occurrences	diamonds2	30	28	36	2045	0.003262	12339040	ok
fold	expand + foldDag		occurrences	diamonds2	36	34	44	8189	0.013775	50793344	ok
fold	expand + foldDag		occurrences	diamonds2	39	37	48	16381	0.026951	99849208	ok
fold	expand + foldDag		occurrences	diamonds2	45	43	56	65533	0.110130	405843384	ok
fold	expand + foldDag		occurrences	diamonds2	51	49	64	262141	0.435290	1603915576	ok
fold	expand + foldDag		occurrences	diamonds2	54	52	68	524285	0.946390	3344746920	ok
fold	expand + foldDag		occurrences	diamonds2	60	58	76	2097149	3.781001	13390536552	ok
fold	expand + foldDag		occurrences	diamonds2	60	58	76	2097149	0.000000	0	stop:budget
fold	dagOf (the fixture's per-node build, for comparison)		nodes	diamonds2	100	100	132	34359738365	0.000175	721672	ok
fold	dagOf (the fixture's per-node build, for comparison)		nodes	diamonds2	300	298	396	1e30	0.000613	2269416	ok
fold	dagOf (the fixture's per-node build, for comparison)		nodes	diamonds2	1000	1000	1332	1e100	0.002872	8074144	ok
fold	dagOf (the fixture's per-node build, for comparison)		nodes	diamonds2	3000	2998	3996	1e301	0.011505	25493216	ok
fold	dagOf (the fixture's per-node build, for comparison)		nodes	diamonds2	10000	10000	13332	1e1003	0.055360	89377760	ok
fold	dagOf (the fixture's per-node build, for comparison)		nodes	diamonds2	30000	29998	39996	1e3010	0.252932	280529688	ok
fold	dagOf (the fixture's per-node build, for comparison)		nodes	diamonds2	100000	100000	133332	1e10034	1.111049	980096856	ok
fold	dagOf (the fixture's per-node build, for comparison)		nodes	diamonds2	100000	100000	133332	1e10034	0.000000	0	stop:cap
dag	fromMagma		nodes	diamonds2	100	100	132	34359738365	0.000266	345960	ok
dag	fromMagma		nodes	diamonds2	300	298	396	1e30	0.000719	1244520	ok
dag	fromMagma		nodes	diamonds2	1000	1000	1332	1e100	0.002954	4967784	ok
dag	fromMagma		nodes	diamonds2	3000	2998	3996	1e301	0.011302	17089776	ok
dag	fromMagma		nodes	diamonds2	10000	10000	13332	1e1003	0.048836	64818024	ok
dag	fromMagma		nodes	diamonds2	30000	29998	39996	1e3010	0.209693	216542328	ok
dag	fromMagma		nodes	diamonds2	100000	100000	133332	1e10034	1.032390	802628712	ok
dag	fromMagma		nodes	diamonds2	100000	100000	133332	1e10034	0.000000	0	stop:cap
dag	mergeDag into an empty Dag		nodes	diamonds2	100	100	132	34359738365	0.000219	250816	ok
dag	mergeDag into an empty Dag		nodes	diamonds2	300	298	396	1e30	0.000552	916816	ok
dag	mergeDag into an empty Dag		nodes	diamonds2	1000	1000	1332	1e100	0.002336	3690976	ok
dag	mergeDag into an empty Dag		nodes	diamonds2	3000	2998	3996	1e301	0.009020	12657064	ok
dag	mergeDag into an empty Dag		nodes	diamonds2	10000	10000	13332	1e1003	0.042332	48226768	ok
dag	mergeDag into an empty Dag		nodes	diamonds2	30000	29998	39996	1e3010	0.183111	161231200	ok
dag	mergeDag into an empty Dag		nodes	diamonds2	100000	100000	133332	1e10034	1.001798	598663024	ok
dag	mergeDag into an empty Dag		nodes	diamonds2	100000	100000	133332	1e10034	0.000000	0	stop:cap
dag	mergeDag onto itself		nodes	diamonds2	100	100	132	34359738365	0.000145	252712	ok
dag	mergeDag onto itself		nodes	diamonds2	300	298	396	1e30	0.000525	898592	ok
dag	mergeDag onto itself		nodes	diamonds2	1000	1000	1332	1e100	0.002284	3622144	ok
dag	mergeDag onto itself		nodes	diamonds2	3000	2998	3996	1e301	0.008875	12478880	ok
dag	mergeDag onto itself		nodes	diamonds2	10000	10000	13332	1e1003	0.040961	47642656	ok
dag	mergeDag onto itself		nodes	diamonds2	30000	29998	39996	1e3010	0.192758	170435952	ok
dag	mergeDag onto itself		nodes	diamonds2	100000	100000	133332	1e10034	1.035217	629889600	ok
dag	mergeDag onto itself		nodes	diamonds2	100000	100000	133332	1e10034	0.000000	0	stop:cap
dag	dagEdges		nodes	diamonds2	100	100	132	34359738365	0.000060	61256	ok
dag	dagEdges		nodes	diamonds2	300	298	396	1e30	0.000190	209168	ok
dag	dagEdges		nodes	diamonds2	1000	1000	1332	1e100	0.000522	788776	ok
dag	dagEdges		nodes	diamonds2	3000	2998	3996	1e301	0.001575	2624504	ok
dag	dagEdges		nodes	diamonds2	10000	10000	13332	1e1003	0.007274	9724176	ok
dag	dagEdges		nodes	diamonds2	30000	29998	39996	1e3010	0.031143	31977768	ok
dag	dagEdges		nodes	diamonds2	100000	100000	133332	1e10034	0.183067	115672136	ok
dag	dagEdges		nodes	diamonds2	100000	100000	133332	1e10034	0.000000	0	stop:cap
dag	roots + leaves		nodes	diamonds2	100	100	132	34359738365	0.000025	6080	ok
dag	roots + leaves		nodes	diamonds2	300	298	396	1e30	0.000121	15584	ok
dag	roots + leaves		nodes	diamonds2	1000	1000	1332	1e100	0.000363	49280	ok
dag	roots + leaves		nodes	diamonds2	3000	2998	3996	1e301	0.000972	149240	ok
dag	roots + leaves		nodes	diamonds2	10000	10000	13332	1e1003	0.004326	481280	ok
dag	roots + leaves		nodes	diamonds2	30000	29998	39996	1e3010	0.019344	1441184	ok
dag	roots + leaves		nodes	diamonds2	100000	100000	133332	1e10034	0.095161	4801280	ok
dag	roots + leaves		nodes	diamonds2	100000	100000	133332	1e10034	0.000000	0	stop:cap
dag	stuck (waiting on dependencies)		nodes	diamonds2	100	100	132	34359738365	0.000718	86936	ok
dag	stuck (waiting on dependencies)		nodes	diamonds2	300	298	396	1e30	0.005406	334632	ok
dag	stuck (waiting on dependencies)		nodes	diamonds2	1000	1000	1332	1e100	0.086462	1407136	ok
dag	stuck (waiting on dependencies)		nodes	diamonds2	3000	2998	3996	1e301	1.024837	4983592	ok
dag	stuck (waiting on dependencies)		nodes	diamonds2	10000	10000	13332	1e1003	13.616362	19482896	ok
dag	stuck (waiting on dependencies)		nodes	diamonds2	10000	10000	13332	1e1003	0.000000	0	stop:budget
dag	stuck (waiting on dependants)		nodes	diamonds2	100	100	132	34359738365	0.000684	86696	ok
dag	stuck (waiting on dependants)		nodes	diamonds2	300	298	396	1e30	0.004618	333352	ok
dag	stuck (waiting on dependants)		nodes	diamonds2	1000	1000	1332	1e100	0.069017	1390056	ok
dag	stuck (waiting on dependants)		nodes	diamonds2	3000	2998	3996	1e301	0.851659	4933672	ok
dag	stuck (waiting on dependants)		nodes	diamonds2	10000	10000	13332	1e1003	13.696341	19306456	ok
dag	stuck (waiting on dependants)		nodes	diamonds2	10000	10000	13332	1e1003	0.000000	0	stop:budget
walk	upDag (sequential)		nodes	diamonds2	100	100	132	34359738365	0.000161	158800	ok
walk	upDag (sequential)		nodes	diamonds2	300	298	396	1e30	0.000592	544624	ok
walk	upDag (sequential)		nodes	diamonds2	1000	1000	1332	1e100	0.001707	2144136	ok
walk	upDag (sequential)		nodes	diamonds2	3000	2998	3996	1e301	0.006479	7162328	ok
walk	upDag (sequential)		nodes	diamonds2	10000	10000	13332	1e1003	0.031781	26660880	ok
walk	upDag (sequential)		nodes	diamonds2	30000	29998	39996	1e3010	0.134916	87761424	ok
walk	upDag (sequential)		nodes	diamonds2	100000	100000	133332	1e10034	0.814138	319391544	ok
walk	upDag (sequential)		nodes	diamonds2	100000	100000	133332	1e10034	0.000000	0	stop:cap
walk	downDag (sequential)		nodes	diamonds2	100	100	132	34359738365	0.000127	140976	ok
walk	downDag (sequential)		nodes	diamonds2	300	298	396	1e30	0.000461	492400	ok
walk	downDag (sequential)		nodes	diamonds2	1000	1000	1332	1e100	0.001747	1958856	ok
walk	downDag (sequential)		nodes	diamonds2	3000	2998	3996	1e301	0.006782	6600208	ok
walk	downDag (sequential)		nodes	diamonds2	10000	10000	13332	1e1003	0.031722	24779368	ok
walk	downDag (sequential)		nodes	diamonds2	30000	29998	39996	1e3010	0.135971	81915576	ok
walk	downDag (sequential)		nodes	diamonds2	100000	100000	133332	1e10034	0.847835	300686464	ok
walk	downDag (sequential)		nodes	diamonds2	100000	100000	133332	1e10034	0.000000	0	stop:cap
walk	upDagConcurrent		nodes	diamonds2	100	100	132	34359738365	0.000982	684016	ok
walk	upDagConcurrent		nodes	diamonds2	300	298	396	1e30	0.006724	2169360	ok
walk	upDagConcurrent		nodes	diamonds2	1000	1000	1332	1e100	0.086946	7579104	ok
walk	upDagConcurrent		nodes	diamonds2	3000	2998	3996	1e301	0.969343	23738176	ok
walk	upDagConcurrent		nodes	diamonds2	10000	10000	13332	1e1003	13.479448	82826072	ok
walk	upDagConcurrent		nodes	diamonds2	10000	10000	13332	1e1003	0.000000	0	stop:budget
walk	downDagConcurrent		nodes	diamonds2	100	100	132	34359738365	0.001510	680792	ok
walk	downDagConcurrent		nodes	diamonds2	300	298	396	1e30	0.005417	2164800	ok
walk	downDagConcurrent		nodes	diamonds2	1000	1000	1332	1e100	0.070239	7551432	ok
walk	downDagConcurrent		nodes	diamonds2	3000	2998	3996	1e301	0.827778	23639816	ok
walk	downDagConcurrent		nodes	diamonds2	10000	10000	13332	1e1003	12.409463	82497432	ok
walk	downDagConcurrent		nodes	diamonds2	10000	10000	13332	1e1003	0.000000	0	stop:budget
upkeep	tend nodes already up (settled)	startUpkeep	nodes	diamonds2	100	100	132	34359738365	0.002169	1119792	ok
upkeep	tend nodes already up (settled)	until every machine is stable	nodes	diamonds2	100	100	132	34359738365	0.000008	22504	ok
upkeep	tend nodes already up (settled)	stopUpkeep	nodes	diamonds2	100	100	132	34359738365	0.000092	43536	ok
upkeep	tend nodes already up (settled)	startUpkeep	nodes	diamonds2	300	298	396	1e30	0.006757	6994216	ok
upkeep	tend nodes already up (settled)	until every machine is stable	nodes	diamonds2	300	298	396	1e30	0.000020	63688	ok
upkeep	tend nodes already up (settled)	stopUpkeep	nodes	diamonds2	300	298	396	1e30	0.000127	125376	ok
upkeep	tend nodes already up (settled)	startUpkeep	nodes	diamonds2	1000	1000	1332	1e100	0.088912	33394912	ok
upkeep	tend nodes already up (settled)	until every machine is stable	nodes	diamonds2	1000	1000	1332	1e100	0.000121	209704	ok
upkeep	tend nodes already up (settled)	stopUpkeep	nodes	diamonds2	1000	1000	1332	1e100	0.000389	417264	ok
upkeep	tend nodes already up (settled)	startUpkeep	nodes	diamonds2	3000	2998	3996	1e301	0.893943	118013192	ok
upkeep	tend nodes already up (settled)	until every machine is stable	nodes	diamonds2	3000	2998	3996	1e301	0.000346	625288	ok
upkeep	tend nodes already up (settled)	stopUpkeep	nodes	diamonds2	3000	2998	3996	1e301	0.001990	1246368	ok
upkeep	tend nodes already up (settled)	startUpkeep	nodes	diamonds2	10000	10000	13332	1e1003	12.977623	413081240	ok
upkeep	tend nodes already up (settled)	until every machine is stable	nodes	diamonds2	10000	10000	13332	1e1003	0.001666	2081704	ok
upkeep	tend nodes already up (settled)	stopUpkeep	nodes	diamonds2	10000	10000	13332	1e1003	0.013294	4153736	ok
upkeep	tend nodes already up (settled)		nodes	diamonds2	10000	10000	13332	1e1003	0.000000	0	stop:budget
upkeep	bring nodes up (unsettled)	startUpkeep	nodes	diamonds2	100	100	132	34359738365	0.003006	946728	ok
upkeep	bring nodes up (unsettled)	until every machine is stable	nodes	diamonds2	100	100	132	34359738365	0.000557	387344	ok
upkeep	bring nodes up (unsettled)	stopUpkeep	nodes	diamonds2	100	100	132	34359738365	0.000133	43536	ok
upkeep	bring nodes up (unsettled)	startUpkeep	nodes	diamonds2	300	298	396	1e30	0.008138	3413456	ok
upkeep	bring nodes up (unsettled)	until every machine is stable	nodes	diamonds2	300	298	396	1e30	0.001067	4183416	ok
upkeep	bring nodes up (unsettled)	stopUpkeep	nodes	diamonds2	300	298	396	1e30	0.000190	125376	ok
upkeep	bring nodes up (unsettled)	startUpkeep	nodes	diamonds2	1000	1000	1332	1e100	0.086841	13769096	ok
upkeep	bring nodes up (unsettled)	until every machine is stable	nodes	diamonds2	1000	1000	1332	1e100	0.007909	21723936	ok
upkeep	bring nodes up (unsettled)	stopUpkeep	nodes	diamonds2	1000	1000	1332	1e100	0.000514	417264	ok
upkeep	bring nodes up (unsettled)	startUpkeep	nodes	diamonds2	3000	2998	3996	1e301	0.907641	43597512	ok
upkeep	bring nodes up (unsettled)	until every machine is stable	nodes	diamonds2	3000	2998	3996	1e301	0.035844	80808112	ok
upkeep	bring nodes up (unsettled)	stopUpkeep	nodes	diamonds2	3000	2998	3996	1e301	0.002431	1273944	ok
upkeep	bring nodes up (unsettled)	startUpkeep	nodes	diamonds2	10000	10000	13332	1e1003	12.675705	144390912	ok
upkeep	bring nodes up (unsettled)	until every machine is stable	nodes	diamonds2	10000	10000	13332	1e1003	0.256255	289936312	ok
upkeep	bring nodes up (unsettled)	stopUpkeep	nodes	diamonds2	10000	10000	13332	1e1003	0.017744	4153736	ok
upkeep	bring nodes up (unsettled)		nodes	diamonds2	10000	10000	13332	1e1003	0.000000	0	stop:budget
upkeep	managed nodes: hold, hand over, adopt	startUpkeep	nodes	diamonds2	100	100	132	34359738365	0.001414	1155824	ok
upkeep	managed nodes: hold, hand over, adopt	until every machine is stable	nodes	diamonds2	100	100	132	34359738365	0.001054	3356672	ok
upkeep	managed nodes: hold, hand over, adopt	stopUpkeep (machines kept)	nodes	diamonds2	100	100	132	34359738365	0.000065	82536	ok
upkeep	managed nodes: hold, hand over, adopt	startUpkeep (adopting)	nodes	diamonds2	100	100	132	34359738365	0.000539	317264	ok
upkeep	managed nodes: hold, hand over, adopt	stopUpkeep + releaseKept	nodes	diamonds2	100	100	132	34359738365	0.001214	351904	ok
upkeep	managed nodes: hold, hand over, adopt	startUpkeep	nodes	diamonds2	300	298	396	1e30	0.007075	2996496	ok
upkeep	managed nodes: hold, hand over, adopt	until every machine is stable	nodes	diamonds2	300	298	396	1e30	0.003551	11242952	ok
upkeep	managed nodes: hold, hand over, adopt	stopUpkeep (machines kept)	nodes	diamonds2	300	298	396	1e30	0.000069	237648	ok
upkeep	managed nodes: hold, hand over, adopt	startUpkeep (adopting)	nodes	diamonds2	300	298	396	1e30	0.004752	972384	ok
upkeep	managed nodes: hold, hand over, adopt	stopUpkeep + releaseKept	nodes	diamonds2	300	298	396	1e30	0.002778	1094448	ok
upkeep	managed nodes: hold, hand over, adopt	startUpkeep	nodes	diamonds2	1000	1000	1332	1e100	0.077316	13186976	ok
upkeep	managed nodes: hold, hand over, adopt	until every machine is stable	nodes	diamonds2	1000	1000	1332	1e100	0.013321	35599240	ok
upkeep	managed nodes: hold, hand over, adopt	stopUpkeep (machines kept)	nodes	diamonds2	1000	1000	1332	1e100	0.000266	797616	ok
upkeep	managed nodes: hold, hand over, adopt	startUpkeep (adopting)	nodes	diamonds2	1000	1000	1332	1e100	0.073826	3703312	ok
upkeep	managed nodes: hold, hand over, adopt	stopUpkeep + releaseKept	nodes	diamonds2	1000	1000	1332	1e100	0.012062	22108144	ok
upkeep	managed nodes: hold, hand over, adopt	startUpkeep	nodes	diamonds2	3000	2998	3996	1e301	0.891381	33952120	ok
upkeep	managed nodes: hold, hand over, adopt	until every machine is stable	nodes	diamonds2	3000	2998	3996	1e301	0.067179	117770416	ok
upkeep	managed nodes: hold, hand over, adopt	stopUpkeep (machines kept)	nodes	diamonds2	3000	2998	3996	1e301	0.001390	2385464	ok
upkeep	managed nodes: hold, hand over, adopt	startUpkeep (adopting)	nodes	diamonds2	3000	2998	3996	1e301	0.982961	14990864	ok
upkeep	managed nodes: hold, hand over, adopt	stopUpkeep + releaseKept	nodes	diamonds2	3000	2998	3996	1e301	0.043618	62245552	ok
upkeep	managed nodes: hold, hand over, adopt		nodes	diamonds2	10000	10000	13332	1e1003	0.000000	0	stop:timeout
rewrite	no phase registered (wholeGraph + rewrite)		nodes	diamonds2	100	100	132	34359738365	0.000008	17184	ok
rewrite	no phase registered (wholeGraph + rewrite)		nodes	diamonds2	300	298	396	1e30	0.000023	48864	ok
rewrite	no phase registered (wholeGraph + rewrite)		nodes	diamonds2	1000	1000	1332	1e100	0.000074	161184	ok
rewrite	no phase registered (wholeGraph + rewrite)		nodes	diamonds2	3000	2998	3996	1e301	0.000122	484920	ok
rewrite	no phase registered (wholeGraph + rewrite)		nodes	diamonds2	10000	10000	13332	1e1003	0.000415	1601184	ok
rewrite	no phase registered (wholeGraph + rewrite)		nodes	diamonds2	30000	29998	39996	1e3010	0.001360	4800864	ok
rewrite	no phase registered (wholeGraph + rewrite)		nodes	diamonds2	100000	100000	133332	1e10034	0.005376	16001184	ok
rewrite	no phase registered (wholeGraph + rewrite)		nodes	diamonds2	100000	100000	133332	1e10034	0.000000	0	stop:cap
rewrite	one batch of a tenth of the nodes		nodes	diamonds2	100	100	132	34359738365	0.000125	194456	ok
rewrite	one batch of a tenth of the nodes		nodes	diamonds2	300	298	396	1e30	0.000270	636256	ok
rewrite	one batch of a tenth of the nodes		nodes	diamonds2	1000	1000	1332	1e100	0.001375	2645736	ok
rewrite	one batch of a tenth of the nodes		nodes	diamonds2	3000	2998	3996	1e301	0.004889	11202856	ok
rewrite	one batch of a tenth of the nodes		nodes	diamonds2	10000	10000	13332	1e1003	0.030635	84331992	ok
rewrite	one batch of a tenth of the nodes		nodes	diamonds2	30000	29998	39996	1e3010	0.196936	720229544	ok
rewrite	one batch of a tenth of the nodes		nodes	diamonds2	100000	100000	133332	1e10034	1.930274	7968648896	ok
rewrite	one batch of a tenth of the nodes		nodes	diamonds2	100000	100000	133332	1e10034	0.000000	0	stop:cap
rewrite	sixteen batches of a tenth of the nodes		nodes	diamonds2	100	100	132	34359738365	0.000444	1706144	ok
rewrite	sixteen batches of a tenth of the nodes		nodes	diamonds2	300	298	396	1e30	0.002886	8249144	ok
rewrite	sixteen batches of a tenth of the nodes		nodes	diamonds2	1000	1000	1332	1e100	0.011341	28828800	ok
rewrite	sixteen batches of a tenth of the nodes		nodes	diamonds2	3000	2998	3996	1e301	0.049838	91062720	ok
rewrite	sixteen batches of a tenth of the nodes		nodes	diamonds2	10000	10000	13332	1e1003	0.280423	324829880	ok
rewrite	sixteen batches of a tenth of the nodes		nodes	diamonds2	30000	29998	39996	1e3010	1.231622	1046379936	ok
rewrite	sixteen batches of a tenth of the nodes		nodes	diamonds2	100000	100000	133332	1e10034	6.208756	3891817912	ok
rewrite	sixteen batches of a tenth of the nodes		nodes	diamonds2	100000	100000	133332	1e10034	0.000000	0	stop:budget
ledger	eight overlapping declarations	contribution (of one Dag)	nodes	diamonds2	100	100	132	34359738365	0.000180	66144	ok
ledger	eight overlapping declarations	desired	nodes	diamonds2	100	100	132	34359738365	0.000033	17648	ok
ledger	eight overlapping declarations	precedenceOf	nodes	diamonds2	100	100	132	34359738365	0.000064	35608	ok
ledger	eight overlapping declarations	knownRefs	nodes	diamonds2	100	100	132	34359738365	0.000030	17648	ok
ledger	eight overlapping declarations	retractAll + collect, nothing standing	nodes	diamonds2	100	100	132	34359738365	0.000007	1984	ok
ledger	eight overlapping declarations	contribution (of one Dag)	nodes	diamonds2	300	298	396	1e30	0.000155	221912	ok
ledger	eight overlapping declarations	desired	nodes	diamonds2	300	298	396	1e30	0.000062	55008	ok
ledger	eight overlapping declarations	precedenceOf	nodes	diamonds2	300	298	396	1e30	0.000122	117488	ok
ledger	eight overlapping declarations	knownRefs	nodes	diamonds2	300	298	396	1e30	0.000055	55008	ok
ledger	eight overlapping declarations	retractAll + collect, nothing standing	nodes	diamonds2	300	298	396	1e30	0.000019	1984	ok
ledger	eight overlapping declarations	contribution (of one Dag)	nodes	diamonds2	1000	1000	1332	1e100	0.000408	828776	ok
ledger	eight overlapping declarations	desired	nodes	diamonds2	1000	1000	1332	1e100	0.000186	176128	ok
ledger	eight overlapping declarations	precedenceOf	nodes	diamonds2	1000	1000	1332	1e100	0.000366	355808	ok
ledger	eight overlapping declarations	knownRefs	nodes	diamonds2	1000	1000	1332	1e100	0.000189	176128	ok
ledger	eight overlapping declarations	retractAll + collect, nothing standing	nodes	diamonds2	1000	1000	1332	1e100	0.000060	1984	ok
ledger	eight overlapping declarations	contribution (of one Dag)	nodes	diamonds2	3000	2998	3996	1e301	0.001569	2740368	ok
ledger	eight overlapping declarations	desired	nodes	diamonds2	3000	2998	3996	1e301	0.000551	518488	ok
ledger	eight overlapping declarations	precedenceOf	nodes	diamonds2	3000	2998	3996	1e301	0.001123	1117888	ok
ledger	eight overlapping declarations	knownRefs	nodes	diamonds2	3000	2998	3996	1e301	0.000541	518488	ok
ledger	eight overlapping declarations	retractAll + collect, nothing standing	nodes	diamonds2	3000	2998	3996	1e301	0.000187	1984	ok
ledger	eight overlapping declarations	contribution (of one Dag)	nodes	diamonds2	10000	10000	13332	1e1003	0.008883	10124176	ok
ledger	eight overlapping declarations	desired	nodes	diamonds2	10000	10000	13332	1e1003	0.001939	1799048	ok
ledger	eight overlapping declarations	precedenceOf	nodes	diamonds2	10000	10000	13332	1e1003	0.004152	3681528	ok
ledger	eight overlapping declarations	knownRefs	nodes	diamonds2	10000	10000	13332	1e1003	0.001985	1799048	ok
ledger	eight overlapping declarations	retractAll + collect, nothing standing	nodes	diamonds2	10000	10000	13332	1e1003	0.000604	1984	ok
ledger	eight overlapping declarations	contribution (of one Dag)	nodes	diamonds2	30000	29998	39996	1e3010	0.031469	33177688	ok
ledger	eight overlapping declarations	desired	nodes	diamonds2	30000	29998	39996	1e3010	0.006787	5340968	ok
ledger	eight overlapping declarations	precedenceOf	nodes	diamonds2	30000	29998	39996	1e3010	0.014518	11522528	ok
ledger	eight overlapping declarations	knownRefs	nodes	diamonds2	30000	29998	39996	1e3010	0.006761	5340968	ok
ledger	eight overlapping declarations	retractAll + collect, nothing standing	nodes	diamonds2	30000	29998	39996	1e3010	0.002271	1984	ok
ledger	eight overlapping declarations	contribution (of one Dag)	nodes	diamonds2	100000	100000	133332	1e10034	0.179076	119672136	ok
ledger	eight overlapping declarations	desired	nodes	diamonds2	100000	100000	133332	1e10034	0.031818	17985888	ok
ledger	eight overlapping declarations	precedenceOf	nodes	diamonds2	100000	100000	133332	1e10034	0.066945	36828488	ok
ledger	eight overlapping declarations	knownRefs	nodes	diamonds2	100000	100000	133332	1e10034	0.030488	17985888	ok
ledger	eight overlapping declarations	retractAll + collect, nothing standing	nodes	diamonds2	100000	100000	133332	1e10034	0.007038	1984	ok
ledger	eight overlapping declarations		nodes	diamonds2	100000	100000	133332	1e10034	0.000000	0	stop:cap
query	outline		nodes	diamonds2	100	100	132	34359738365	0.000435	896976	ok
query	outline		nodes	diamonds2	300	298	396	1e30	0.001112	2757080	ok
query	outline		nodes	diamonds2	1000	1000	1332	1e100	0.002611	9480344	ok
query	outline		nodes	diamonds2	3000	2998	3996	1e301	0.009934	29124104	ok
query	outline		nodes	diamonds2	10000	10000	13332	1e1003	0.046915	99296432	ok
query	outline		nodes	diamonds2	30000	29998	39996	1e3010	0.177859	304446528	ok
query	outline		nodes	diamonds2	100000	100000	133332	1e10034	0.698951	1036315544	ok
query	outline		nodes	diamonds2	100000	100000	133332	1e10034	0.000000	0	stop:cap
query	paths per node (outline + outlinePaths, as worldPaths)		nodes	diamonds2	100	100	132	34359738365	0.004280	5771248	ok
query	paths per node (outline + outlinePaths, as worldPaths)		nodes	diamonds2	300	298	396	1e30	0.020000	42545768	ok
query	paths per node (outline + outlinePaths, as worldPaths)		nodes	diamonds2	1000	1000	1332	1e100	0.291520	442303808	ok
query	paths per node (outline + outlinePaths, as worldPaths)		nodes	diamonds2	3000	2998	3996	1e301	2.902266	3888573544	ok
query	paths per node (outline + outlinePaths, as worldPaths)		nodes	diamonds2	3000	2998	3996	1e301	0.000000	0	stop:budget
query	resolveSelectors (select **, exclude **/n1/**)		nodes	diamonds2	100	100	132	34359738365	0.000399	1234512	ok
query	resolveSelectors (select **, exclude **/n1/**)		nodes	diamonds2	300	298	396	1e30	0.001459	3877880	ok
query	resolveSelectors (select **, exclude **/n1/**)		nodes	diamonds2	1000	1000	1332	1e100	0.006642	13688320	ok
query	resolveSelectors (select **, exclude **/n1/**)		nodes	diamonds2	3000	2998	3996	1e301	0.025297	42929904	ok
query	resolveSelectors (select **, exclude **/n1/**)		nodes	diamonds2	10000	10000	13332	1e1003	0.113619	149620792	ok
query	resolveSelectors (select **, exclude **/n1/**)		nodes	diamonds2	30000	29998	39996	1e3010	0.670261	467256392	ok
query	resolveSelectors (select **, exclude **/n1/**)		nodes	diamonds2	100000	100000	133332	1e10034	2.499641	1622615392	ok
query	resolveSelectors (select **, exclude **/n1/**)		nodes	diamonds2	100000	100000	133332	1e10034	0.000000	0	stop:budget
query	query show --dedupe (renderAnnotated)		nodes	diamonds2	100	100	132	34359738365	0.000766	2191864	ok
query	query show --dedupe (renderAnnotated)		nodes	diamonds2	300	298	396	1e30	0.003589	13596832	ok
query	query show --dedupe (renderAnnotated)		nodes	diamonds2	1000	1000	1332	1e100	0.044513	128802480	ok
query	query show --dedupe (renderAnnotated)		nodes	diamonds2	3000	2998	3996	1e301	0.417804	1096657448	ok
query	query show --dedupe (renderAnnotated)		nodes	diamonds2	10000	10000	13332	1e1003	5.053380	11968819528	ok
query	query show --dedupe (renderAnnotated)		nodes	diamonds2	10000	10000	13332	1e1003	0.000000	0	stop:budget
query	query show, every path (renderAnnotated)		occurrences	diamonds2	15	13	16	61	0.000159	481288	ok
query	query show, every path (renderAnnotated)		occurrences	diamonds2	21	19	24	253	0.000489	2416936	ok
query	query show, every path (renderAnnotated)		occurrences	diamonds2	24	22	28	509	0.001281	5304456	ok
query	query show, every path (renderAnnotated)		occurrences	diamonds2	30	28	36	2045	0.006709	24881944	ok
query	query show, every path (renderAnnotated)		occurrences	diamonds2	36	34	44	8189	0.037751	113969576	ok
query	query show, every path (renderAnnotated)		occurrences	diamonds2	39	37	48	16381	0.080860	242190568	ok
query	query show, every path (renderAnnotated)		occurrences	diamonds2	45	43	56	65533	0.391612	1085541056	ok
query	query show, every path (renderAnnotated)		occurrences	diamonds2	51	49	64	262141	1.790353	4813883712	ok
query	query show, every path (renderAnnotated)		occurrences	diamonds2	54	52	68	524285	3.783850	10081405072	ok
query	query show, every path (renderAnnotated)		occurrences	diamonds2	54	52	68	524285	0.000000	0	stop:budget
query	query plan (expand, fold, resolve, encode)		occurrences	diamonds2	15	13	16	61	0.000106	400352	ok
query	query plan (expand, fold, resolve, encode)		occurrences	diamonds2	21	19	24	253	0.000335	1526432	ok
query	query plan (expand, fold, resolve, encode)		occurrences	diamonds2	24	22	28	509	0.000661	3155096	ok
query	query plan (expand, fold, resolve, encode)		occurrences	diamonds2	30	28	36	2045	0.003118	12453760	ok
query	query plan (expand, fold, resolve, encode)		occurrences	diamonds2	36	34	44	8189	0.016102	50936296	ok
query	query plan (expand, fold, resolve, encode)		occurrences	diamonds2	39	37	48	16381	0.028731	100003200	ok
query	query plan (expand, fold, resolve, encode)		occurrences	diamonds2	45	43	56	65533	0.125256	406027096	ok
query	query plan (expand, fold, resolve, encode)		occurrences	diamonds2	51	49	64	262141	0.529664	1604116728	ok
query	query plan (expand, fold, resolve, encode)		occurrences	diamonds2	54	52	68	524285	1.100798	3344969552	ok
query	query plan (expand, fold, resolve, encode)		occurrences	diamonds2	60	58	76	2097149	4.473877	13390784016	ok
query	query plan (expand, fold, resolve, encode)		occurrences	diamonds2	60	58	76	2097149	0.000000	0	stop:budget
query	run tree (dagLines)		nodes	diamonds2	100	100	132	34359738365	0.000052	71864	ok
query	run tree (dagLines)		nodes	diamonds2	300	298	396	1e30	0.000207	214336	ok
query	run tree (dagLines)		nodes	diamonds2	1000	1000	1332	1e100	0.000730	719392	ok
query	run tree (dagLines)		nodes	diamonds2	3000	2998	3996	1e301	0.001924	2160856	ok
query	run tree (dagLines)		nodes	diamonds2	10000	10000	13332	1e1003	0.008301	7194800	ok
query	run tree (dagLines)		nodes	diamonds2	30000	29998	39996	1e3010	0.034347	21584312	ok
query	run tree (dagLines)		nodes	diamonds2	100000	100000	133332	1e10034	0.177137	71952384	ok
query	run tree (dagLines)		nodes	diamonds2	100000	100000	133332	1e10034	0.000000	0	stop:cap
query	run dag (printDagCograph, to /dev/null)		nodes	diamonds2	100	100	132	34359738365	0.000143	850880	ok
query	run dag (printDagCograph, to /dev/null)		nodes	diamonds2	300	298	396	1e30	0.000342	2385744	ok
query	run dag (printDagCograph, to /dev/null)		nodes	diamonds2	1000	1000	1332	1e100	0.001088	7820840	ok
query	run dag (printDagCograph, to /dev/null)		nodes	diamonds2	3000	2998	3996	1e301	0.003792	23396720	ok
query	run dag (printDagCograph, to /dev/null)		nodes	diamonds2	10000	10000	13332	1e1003	0.012666	77975768	ok
query	run dag (printDagCograph, to /dev/null)		nodes	diamonds2	30000	29998	39996	1e3010	0.043148	235087584	ok
query	run dag (printDagCograph, to /dev/null)		nodes	diamonds2	100000	100000	133332	1e10034	0.174692	784902296	ok
query	run dag (printDagCograph, to /dev/null)		nodes	diamonds2	100000	100000	133332	1e10034	0.000000	0	stop:cap
serve	loop	record a declaration (expand, fold, ledger)	occurrences	diamonds2	15	13	16	61	0.000224	402400	ok
serve	loop	before the first pass (rewrite, worldDag)	occurrences	diamonds2	15	13	16	61	0.000004	5688	ok
serve	loop	first pass, every node up	occurrences	diamonds2	15	13	16	61	0.000340	130352	ok
serve	loop	status	occurrences	diamonds2	15	13	16	61	0.000080	142280	ok
serve	loop	before the idle pass	occurrences	diamonds2	15	13	16	61	0.000004	7592	ok
serve	loop	idle pass, nothing pending	occurrences	diamonds2	15	13	16	61	0.000007	11664	ok
serve	loop	clear	occurrences	diamonds2	15	13	16	61	0.000002	2976	ok
serve	loop	before the teardown pass	occurrences	diamonds2	15	13	16	61	0.000006	13368	ok
serve	loop	teardown pass, every node down	occurrences	diamonds2	15	13	16	61	0.000391	123896	ok
serve	loop	record a declaration (expand, fold, ledger)	occurrences	diamonds2	21	19	24	253	0.000796	1483200	ok
serve	loop	before the first pass (rewrite, worldDag)	occurrences	diamonds2	21	19	24	253	0.000007	7560	ok
serve	loop	first pass, every node up	occurrences	diamonds2	21	19	24	253	0.000278	197032	ok
serve	loop	status	occurrences	diamonds2	21	19	24	253	0.000180	289416	ok
serve	loop	before the idle pass	occurrences	diamonds2	21	19	24	253	0.000011	8760	ok
serve	loop	idle pass, nothing pending	occurrences	diamonds2	21	19	24	253	0.000018	15544	ok
serve	loop	clear	occurrences	diamonds2	21	19	24	253	0.000002	2784	ok
serve	loop	before the teardown pass	occurrences	diamonds2	21	19	24	253	0.000011	17968	ok
serve	loop	teardown pass, every node down	occurrences	diamonds2	21	19	24	253	0.000457	186912	ok
serve	loop	record a declaration (expand, fold, ledger)	occurrences	diamonds2	24	22	28	509	0.001960	3104464	ok
serve	loop	before the first pass (rewrite, worldDag)	occurrences	diamonds2	24	22	28	509	0.000006	12520	ok
serve	loop	first pass, every node up	occurrences	diamonds2	24	22	28	509	0.000408	228528	ok
serve	loop	status	occurrences	diamonds2	24	22	28	509	0.000223	377000	ok
serve	loop	before the idle pass	occurrences	diamonds2	24	22	28	509	0.000005	9600	ok
serve	loop	idle pass, nothing pending	occurrences	diamonds2	24	22	28	509	0.000016	18176	ok
serve	loop	clear	occurrences	diamonds2	24	22	28	509	0.000002	2784	ok
serve	loop	before the teardown pass	occurrences	diamonds2	24	22	28	509	0.000011	20960	ok
serve	loop	teardown pass, every node down	occurrences	diamonds2	24	22	28	509	0.000478	218176	ok
serve	loop	record a declaration (expand, fold, ledger)	occurrences	diamonds2	30	28	36	2045	0.004419	12387952	ok
serve	loop	before the first pass (rewrite, worldDag)	occurrences	diamonds2	30	28	36	2045	0.000005	10368	ok
serve	loop	first pass, every node up	occurrences	diamonds2	30	28	36	2045	0.000390	327624	ok
serve	loop	status	occurrences	diamonds2	30	28	36	2045	0.000248	575392	ok
serve	loop	before the idle pass	occurrences	diamonds2	30	28	36	2045	0.000005	11280	ok
serve	loop	idle pass, nothing pending	occurrences	diamonds2	30	28	36	2045	0.000014	23056	ok
serve	loop	clear	occurrences	diamonds2	30	28	36	2045	0.000002	2784	ok
serve	loop	before the teardown pass	occurrences	diamonds2	30	28	36	2045	0.000011	26560	ok
serve	loop	teardown pass, every node down	occurrences	diamonds2	30	28	36	2045	0.000310	316744	ok
serve	loop	record a declaration (expand, fold, ledger)	occurrences	diamonds2	36	34	44	8189	0.018887	50846992	ok
serve	loop	before the first pass (rewrite, worldDag)	occurrences	diamonds2	36	34	44	8189	0.000006	12240	ok
serve	loop	first pass, every node up	occurrences	diamonds2	36	34	44	8189	0.000587	396384	ok
serve	loop	status	occurrences	diamonds2	36	34	44	8189	0.000349	804224	ok
serve	loop	before the idle pass	occurrences	diamonds2	36	34	44	8189	0.000005	12960	ok
serve	loop	idle pass, nothing pending	occurrences	diamonds2	36	34	44	8189	0.000018	28024	ok
serve	loop	clear	occurrences	diamonds2	36	34	44	8189	0.000002	2784	ok
serve	loop	before the teardown pass	occurrences	diamonds2	36	34	44	8189	0.000013	32248	ok
serve	loop	teardown pass, every node down	occurrences	diamonds2	36	34	44	8189	0.000462	382032	ok
serve	loop	record a declaration (expand, fold, ledger)	occurrences	diamonds2	39	37	48	16381	0.033456	99906912	ok
serve	loop	before the first pass (rewrite, worldDag)	occurrences	diamonds2	39	37	48	16381	0.000007	13176	ok
serve	loop	first pass, every node up	occurrences	diamonds2	39	37	48	16381	0.000501	435048	ok
serve	loop	status	occurrences	diamonds2	39	37	48	16381	0.000401	930624	ok
serve	loop	before the idle pass	occurrences	diamonds2	39	37	48	16381	0.000006	13800	ok
serve	loop	idle pass, nothing pending	occurrences	diamonds2	39	37	48	16381	0.000019	30152	ok
serve	loop	clear	occurrences	diamonds2	39	37	48	16381	0.000002	2784	ok
serve	loop	before the teardown pass	occurrences	diamonds2	39	37	48	16381	0.000015	34736	ok
serve	loop	teardown pass, every node down	occurrences	diamonds2	39	37	48	16381	0.000470	421312	ok
serve	loop	record a declaration (expand, fold, ledger)	occurrences	diamonds2	45	43	56	65533	0.139061	405908640	ok
serve	loop	before the first pass (rewrite, worldDag)	occurrences	diamonds2	45	43	56	65533	0.000007	15048	ok
serve	loop	first pass, every node up	occurrences	diamonds2	45	43	56	65533	0.000622	501168	ok
serve	loop	status	occurrences	diamonds2	45	43	56	65533	0.000514	1205976	ok
serve	loop	before the idle pass	occurrences	diamonds2	45	43	56	65533	0.000006	15480	ok
serve	loop	idle pass, nothing pending	occurrences	diamonds2	45	43	56	65533	0.000021	34048	ok
serve	loop	clear	occurrences	diamonds2	45	43	56	65533	0.000002	2784	ok
serve	loop	before the teardown pass	occurrences	diamonds2	45	43	56	65533	0.000016	43376	ok
serve	loop	teardown pass, every node down	occurrences	diamonds2	45	43	56	65533	0.000496	519112	ok
serve	loop	record a declaration (expand, fold, ledger)	occurrences	diamonds2	51	49	64	262141	0.541385	1603984192	ok
serve	loop	before the first pass (rewrite, worldDag)	occurrences	diamonds2	51	49	64	262141	0.000008	16920	ok
serve	loop	first pass, every node up	occurrences	diamonds2	51	49	64	262141	0.000898	573568	ok
serve	loop	status	occurrences	diamonds2	51	49	64	262141	0.000592	1511888	ok
serve	loop	before the idle pass	occurrences	diamonds2	51	49	64	262141	0.000006	17160	ok
serve	loop	idle pass, nothing pending	occurrences	diamonds2	51	49	64	262141	0.000023	39424	ok
serve	loop	clear	occurrences	diamonds2	51	49	64	262141	0.000002	6808	ok
serve	loop	before the teardown pass	occurrences	diamonds2	51	49	64	262141	0.000017	45448	ok
serve	loop	teardown pass, every node down	occurrences	diamonds2	51	49	64	262141	0.000725	555296	ok
serve	loop	record a declaration (expand, fold, ledger)	occurrences	diamonds2	54	52	68	524285	1.098905	3344822960	ok
serve	loop	before the first pass (rewrite, worldDag)	occurrences	diamonds2	54	52	68	524285	0.000007	17856	ok
serve	loop	first pass, every node up	occurrences	diamonds2	54	52	68	524285	0.000769	606368	ok
serve	loop	status	occurrences	diamonds2	54	52	68	524285	0.000678	1676464	ok
serve	loop	before the idle pass	occurrences	diamonds2	54	52	68	524285	0.000006	18000	ok
serve	loop	idle pass, nothing pending	occurrences	diamonds2	54	52	68	524285	0.000024	45376	ok
serve	loop	clear	occurrences	diamonds2	54	52	68	524285	0.000002	2784	ok
serve	loop	before the teardown pass	occurrences	diamonds2	54	52	68	524285	0.000018	47736	ok
serve	loop	teardown pass, every node down	occurrences	diamonds2	54	52	68	524285	0.000593	590088	ok
serve	loop	record a declaration (expand, fold, ledger)	occurrences	diamonds2	60	58	76	2097149	4.383639	13390621360	ok
serve	loop	before the first pass (rewrite, worldDag)	occurrences	diamonds2	60	58	76	2097149	0.000007	19728	ok
serve	loop	first pass, every node up	occurrences	diamonds2	60	58	76	2097149	0.000880	712984	ok
serve	loop	status	occurrences	diamonds2	60	58	76	2097149	0.000790	2028976	ok
serve	loop	before the idle pass	occurrences	diamonds2	60	58	76	2097149	0.000007	23736	ok
serve	loop	idle pass, nothing pending	occurrences	diamonds2	60	58	76	2097149	0.000026	46696	ok
serve	loop	clear	occurrences	diamonds2	60	58	76	2097149	0.000002	2784	ok
serve	loop	before the teardown pass	occurrences	diamonds2	60	58	76	2097149	0.000020	53800	ok
serve	loop	teardown pass, every node down	occurrences	diamonds2	60	58	76	2097149	0.000754	692616	ok
serve	loop		occurrences	diamonds2	60	58	76	2097149	0.000000	0	stop:budget
render	GET /dag (dagValue + encode)		nodes	diamonds2	100	100	132	34359738365	0.000808	2894320	ok
render	GET /dag (dagValue + encode)		nodes	diamonds2	300	298	396	1e30	0.002585	9382184	ok
render	GET /dag (dagValue + encode)		nodes	diamonds2	1000	1000	1332	1e100	0.018110	41209048	ok
render	GET /dag (dagValue + encode)		nodes	diamonds2	3000	2998	3996	1e301	0.120224	218635704	ok
render	GET /dag (dagValue + encode)		nodes	diamonds2	10000	10000	13332	1e1003	0.000000	0	stop:inputs
render	GET /status (status report + encode)		nodes	diamonds2	100	100	132	34359738365	0.000396	1534664	ok
render	GET /status (status report + encode)		nodes	diamonds2	300	298	396	1e30	0.001727	5378296	ok
render	GET /status (status report + encode)		nodes	diamonds2	1000	1000	1332	1e100	0.012770	27754008	ok
render	GET /status (status report + encode)		nodes	diamonds2	3000	2998	3996	1e301	0.109086	178303880	ok
render	GET /status (status report + encode)		nodes	diamonds2	10000	10000	13332	1e1003	0.000000	0	stop:inputs
render	status sink document (encode)		nodes	diamonds2	100	100	132	34359738365	0.000352	1548656	ok
render	status sink document (encode)		nodes	diamonds2	300	298	396	1e30	0.001742	5396456	ok
render	status sink document (encode)		nodes	diamonds2	1000	1000	1332	1e100	0.012904	27767416	ok
render	status sink document (encode)		nodes	diamonds2	3000	2998	3996	1e301	0.107631	178316600	ok
render	status sink document (encode)		nodes	diamonds2	10000	10000	13332	1e1003	0.000000	0	stop:inputs
client	Model.fromDag		nodes	diamonds2	100	100	132	34359738365	0.000091	335440	ok
client	Model.fromDag		nodes	diamonds2	300	298	396	1e30	0.000253	1033056	ok
client	Model.fromDag		nodes	diamonds2	1000	1000	1332	1e100	0.001178	3565008	ok
client	Model.fromDag		nodes	diamonds2	3000	2998	3996	1e301	0.005647	11029056	ok
client	Model.fromDag		nodes	diamonds2	10000	10000	13332	1e1003	0.000000	0	stop:inputs
client	Model.step, one done event per node		nodes	diamonds2	100	100	132	34359738365	0.000039	111104	ok
client	Model.step, one done event per node		nodes	diamonds2	300	298	396	1e30	0.000124	348264	ok
client	Model.step, one done event per node		nodes	diamonds2	1000	1000	1332	1e100	0.000637	1251912	ok
client	Model.step, one done event per node		nodes	diamonds2	3000	2998	3996	1e301	0.002574	3987048	ok
client	Model.step, one done event per node		nodes	diamonds2	10000	10000	13332	1e1003	0.000000	0	stop:inputs
client	Model.step, a teardown: one done event per node wanted down		nodes	diamonds2	100	100	132	34359738365	0.000098	374544	ok
client	Model.step, a teardown: one done event per node wanted down		nodes	diamonds2	300	298	396	1e30	0.000687	2786304	ok
client	Model.step, a teardown: one done event per node wanted down		nodes	diamonds2	1000	1000	1332	1e100	0.008100	29091640	ok
client	Model.step, a teardown: one done event per node wanted down		nodes	diamonds2	3000	2998	3996	1e301	0.095785	354749456	ok
client	Model.step, a teardown: one done event per node wanted down		nodes	diamonds2	10000	10000	13332	1e1003	0.000000	0	stop:inputs
fold	expand (evalDeps, every occurrence visited)		occurrences	layered8x2	32	25	40	57	0.000011	74488	ok
fold	expand (evalDeps, every occurrence visited)		occurrences	layered8x2	48	41	72	249	0.000041	323000	ok
fold	expand (evalDeps, every occurrence visited)		occurrences	layered8x2	56	49	88	505	0.000081	654280	ok
fold	expand (evalDeps, every occurrence visited)		occurrences	layered8x2	72	65	120	2041	0.000324	2641912	ok
fold	expand (evalDeps, every occurrence visited)		occurrences	layered8x2	88	81	152	8185	0.001262	10592264	ok
fold	expand (evalDeps, every occurrence visited)		occurrences	layered8x2	96	89	168	16377	0.002580	21192728	ok
fold	expand (evalDeps, every occurrence visited)		occurrences	layered8x2	112	105	200	65529	0.015430	84795416	ok
fold	expand (evalDeps, every occurrence visited)		occurrences	layered8x2	128	121	232	262137	0.062663	339206200	ok
fold	expand (evalDeps, every occurrence visited)		occurrences	layered8x2	136	129	248	524281	0.125045	678420552	ok
fold	expand (evalDeps, every occurrence visited)		occurrences	layered8x2	152	145	280	2097145	0.500961	2713707392	ok
fold	expand (evalDeps, every occurrence visited)		occurrences	layered8x2	168	161	312	8388601	1.967703	10854851472	ok
fold	expand (evalDeps, every occurrence visited)		occurrences	layered8x2	176	169	328	16777209	3.946112	21709710224	ok
fold	expand (evalDeps, every occurrence visited)		occurrences	layered8x2	176	169	328	16777209	0.000000	0	stop:budget
fold	expand + foldDag		occurrences	layered8x2	32	25	40	57	0.000153	351448	ok
fold	expand + foldDag		occurrences	layered8x2	48	41	72	249	0.000674	1552608	ok
fold	expand + foldDag		occurrences	layered8x2	56	49	88	505	0.001359	3121632	ok
fold	expand + foldDag		occurrences	layered8x2	72	65	120	2041	0.003350	12752576	ok
fold	expand + foldDag		occurrences	layered8x2	88	81	152	8185	0.014317	51778152	ok
fold	expand + foldDag		occurrences	layered8x2	96	89	168	16377	0.028669	103213992	ok
fold	expand + foldDag		occurrences	layered8x2	112	105	200	65529	0.117389	428022840	ok
fold	expand + foldDag		occurrences	layered8x2	128	121	232	262137	0.492296	1715036512	ok
fold	expand + foldDag		occurrences	layered8x2	136	129	248	524281	0.960325	3377685512	ok
fold	expand + foldDag		occurrences	layered8x2	152	145	280	2097145	4.082772	13968339624	ok
fold	expand + foldDag		occurrences	layered8x2	152	145	280	2097145	0.000000	0	stop:budget
fold	dagOf (the fixture's per-node build, for comparison)		nodes	layered8x2	100	97	184	32761	0.000334	938448	ok
fold	dagOf (the fixture's per-node build, for comparison)		nodes	layered8x2	300	297	584	1099511627769	0.000731	3078864	ok
fold	dagOf (the fixture's per-node build, for comparison)		nodes	layered8x2	1000	993	1976	1e38	0.004353	10874568	ok
fold	dagOf (the fixture's per-node build, for comparison)		nodes	layered8x2	3000	2993	5976	1e113	0.013950	34217432	ok
fold	dagOf (the fixture's per-node build, for comparison)		nodes	layered8x2	10000	9993	19976	1e376	0.059815	119378536	ok
fold	dagOf (the fixture's per-node build, for comparison)		nodes	layered8x2	30000	29993	59976	1e1129	0.272785	372346392	ok
fold	dagOf (the fixture's per-node build, for comparison)		nodes	layered8x2	100000	99993	199976	1e3763	1.163318	1292472488	ok
fold	dagOf (the fixture's per-node build, for comparison)		nodes	layered8x2	100000	99993	199976	1e3763	0.000000	0	stop:cap
dag	fromMagma		nodes	layered8x2	100	97	184	32761	0.000359	428544	ok
dag	fromMagma		nodes	layered8x2	300	297	584	1099511627769	0.000739	1583808	ok
dag	fromMagma		nodes	layered8x2	1000	993	1976	1e38	0.003249	6379728	ok
dag	fromMagma		nodes	layered8x2	3000	2993	5976	1e113	0.012909	21923088	ok
dag	fromMagma		nodes	layered8x2	10000	9993	19976	1e376	0.061835	83097792	ok
dag	fromMagma		nodes	layered8x2	30000	29993	59976	1e1129	0.276940	277005072	ok
dag	fromMagma		nodes	layered8x2	100000	99993	199976	1e3763	1.408570	1028783664	ok
dag	fromMagma		nodes	layered8x2	100000	99993	199976	1e3763	0.000000	0	stop:cap
dag	mergeDag into an empty Dag		nodes	layered8x2	100	97	184	32761	0.000282	300136	ok
dag	mergeDag into an empty Dag		nodes	layered8x2	300	297	584	1099511627769	0.001159	1148680	ok
dag	mergeDag into an empty Dag		nodes	layered8x2	1000	993	1976	1e38	0.003164	4627384	ok
dag	mergeDag into an empty Dag		nodes	layered8x2	3000	2993	5976	1e113	0.009995	16112656	ok
dag	mergeDag into an empty Dag		nodes	layered8x2	10000	9993	19976	1e376	0.046388	61601320	ok
dag	mergeDag into an empty Dag		nodes	layered8x2	30000	29993	59976	1e1129	0.203717	206320456	ok
dag	mergeDag into an empty Dag		nodes	layered8x2	100000	99993	199976	1e3763	0.997454	766180792	ok
dag	mergeDag into an empty Dag		nodes	layered8x2	100000	99993	199976	1e3763	0.000000	0	stop:cap
dag	mergeDag onto itself		nodes	layered8x2	100	97	184	32761	0.000162	290248	ok
dag	mergeDag onto itself		nodes	layered8x2	300	297	584	1099511627769	0.000724	1184552	ok
dag	mergeDag onto itself		nodes	layered8x2	1000	993	1976	1e38	0.002609	4479760	ok
dag	mergeDag onto itself		nodes	layered8x2	3000	2993	5976	1e113	0.010298	15650672	ok
dag	mergeDag onto itself		nodes	layered8x2	10000	9993	19976	1e376	0.044165	60025264	ok
dag	mergeDag onto itself		nodes	layered8x2	30000	29993	59976	1e1129	0.180729	201512792	ok
dag	mergeDag onto itself		nodes	layered8x2	100000	99993	199976	1e3763	1.016952	786835792	ok
dag	mergeDag onto itself		nodes	layered8x2	100000	99993	199976	1e3763	0.000000	0	stop:cap
dag	dagEdges		nodes	layered8x2	100	97	184	32761	0.000083	83384	ok
dag	dagEdges		nodes	layered8x2	300	297	584	1099511627769	0.000225	302344	ok
dag	dagEdges		nodes	layered8x2	1000	993	1976	1e38	0.000895	1163048	ok
dag	dagEdges		nodes	layered8x2	3000	2993	5976	1e113	0.002323	3901904	ok
dag	dagEdges		nodes	layered8x2	10000	9993	19976	1e376	0.011124	14393448	ok
dag	dagEdges		nodes	layered8x2	30000	29993	59976	1e1129	0.050836	47321728	ok
dag	dagEdges		nodes	layered8x2	100000	99993	199976	1e3763	0.319152	171793368	ok
dag	dagEdges		nodes	layered8x2	100000	99993	199976	1e3763	0.000000	0	stop:cap
dag	roots + leaves		nodes	layered8x2	100	97	184	32761	0.000021	6328	ok
dag	roots + leaves		nodes	layered8x2	300	297	584	1099511627769	0.000106	15928	ok
dag	roots + leaves		nodes	layered8x2	1000	993	1976	1e38	0.000277	49336	ok
dag	roots + leaves		nodes	layered8x2	3000	2993	5976	1e113	0.000863	149392	ok
dag	roots + leaves		nodes	layered8x2	10000	9993	19976	1e376	0.004302	481336	ok
dag	roots + leaves		nodes	layered8x2	30000	29993	59976	1e1129	0.017490	1441336	ok
dag	roots + leaves		nodes	layered8x2	100000	99993	199976	1e3763	0.099794	4801336	ok
dag	roots + leaves		nodes	layered8x2	100000	99993	199976	1e3763	0.000000	0	stop:cap
dag	stuck (waiting on dependencies)		nodes	layered8x2	100	97	184	32761	0.000230	67696	ok
dag	stuck (waiting on dependencies)		nodes	layered8x2	300	297	584	1099511627769	0.001538	280360	ok
dag	stuck (waiting on dependencies)		nodes	layered8x2	1000	993	1976	1e38	0.013861	1226864	ok
dag	stuck (waiting on dependencies)		nodes	layered8x2	3000	2993	5976	1e113	0.154795	4520120	ok
dag	stuck (waiting on dependencies)		nodes	layered8x2	10000	9993	19976	1e376	2.514604	17906784	ok
dag	stuck (waiting on dependencies)		nodes	layered8x2	10000	9993	19976	1e376	0.000000	0	stop:budget
dag	stuck (waiting on dependants)		nodes	layered8x2	100	97	184	32761	0.000225	69296	ok
dag	stuck (waiting on dependants)		nodes	layered8x2	300	297	584	1099511627769	0.001148	287016	ok
dag	stuck (waiting on dependants)		nodes	layered8x2	1000	993	1976	1e38	0.014004	1240544	ok
dag	stuck (waiting on dependants)		nodes	layered8x2	3000	2993	5976	1e113	0.152078	4570400	ok
dag	stuck (waiting on dependants)		nodes	layered8x2	10000	9993	19976	1e376	2.403287	18041544	ok
dag	stuck (waiting on dependants)		nodes	layered8x2	10000	9993	19976	1e376	0.000000	0	stop:budget
walk	upDag (sequential)		nodes	layered8x2	100	97	184	32761	0.000153	176064	ok
walk	upDag (sequential)		nodes	layered8x2	300	297	584	1099511627769	0.000565	640336	ok
walk	upDag (sequential)		nodes	layered8x2	1000	993	1976	1e38	0.001913	2463256	ok
walk	upDag (sequential)		nodes	layered8x2	3000	2993	5976	1e113	0.007354	8367800	ok
walk	upDag (sequential)		nodes	layered8x2	10000	9993	19976	1e376	0.032288	31466568	ok
walk	upDag (sequential)		nodes	layered8x2	30000	29993	59976	1e1129	0.142170	103599616	ok
walk	upDag (sequential)		nodes	layered8x2	100000	99993	199976	1e3763	0.784684	379897872	ok
walk	upDag (sequential)		nodes	layered8x2	100000	99993	199976	1e3763	0.000000	0	stop:cap
walk	downDag (sequential)		nodes	layered8x2	100	97	184	32761	0.000175	158272	ok
walk	downDag (sequential)		nodes	layered8x2	300	297	584	1099511627769	0.000887	584792	ok
walk	downDag (sequential)		nodes	layered8x2	1000	993	1976	1e38	0.001921	2273312	ok
walk	downDag (sequential)		nodes	layered8x2	3000	2993	5976	1e113	0.007204	7818752	ok
walk	downDag (sequential)		nodes	layered8x2	10000	9993	19976	1e376	0.034904	29509120	ok
walk	downDag (sequential)		nodes	layered8x2	30000	29993	59976	1e1129	0.148287	97796528	ok
walk	downDag (sequential)		nodes	layered8x2	100000	99993	199976	1e3763	0.906987	360971912	ok
walk	downDag (sequential)		nodes	layered8x2	100000	99993	199976	1e3763	0.000000	0	stop:cap
walk	upDagConcurrent		nodes	layered8x2	100	97	184	32761	0.000892	638416	ok
walk	upDagConcurrent		nodes	layered8x2	300	297	584	1099511627769	0.002260	2090664	ok
walk	upDagConcurrent		nodes	layered8x2	1000	993	1976	1e38	0.019713	7292248	ok
walk	upDagConcurrent		nodes	layered8x2	3000	2993	5976	1e113	0.174296	23027776	ok
walk	upDagConcurrent		nodes	layered8x2	10000	9993	19976	1e376	2.774667	80467864	ok
walk	upDagConcurrent		nodes	layered8x2	10000	9993	19976	1e376	0.000000	0	stop:budget
walk	downDagConcurrent		nodes	layered8x2	100	97	184	32761	0.000825	656744	ok
walk	downDagConcurrent		nodes	layered8x2	300	297	584	1099511627769	0.004339	2161056	ok
walk	downDagConcurrent		nodes	layered8x2	1000	993	1976	1e38	0.021265	7524736	ok
walk	downDagConcurrent		nodes	layered8x2	3000	2993	5976	1e113	0.189482	25253472	ok
walk	downDagConcurrent		nodes	layered8x2	10000	9993	19976	1e376	3.116009	83161616	ok
walk	downDagConcurrent		nodes	layered8x2	10000	9993	19976	1e376	0.000000	0	stop:budget
upkeep	tend nodes already up (settled)	startUpkeep	nodes	layered8x2	100	97	184	32761	0.002512	1078808	ok
upkeep	tend nodes already up (settled)	until every machine is stable	nodes	layered8x2	100	97	184	32761	0.000013	21880	ok
upkeep	tend nodes already up (settled)	stopUpkeep	nodes	layered8x2	100	97	184	32761	0.000146	42264	ok
upkeep	tend nodes already up (settled)	startUpkeep	nodes	layered8x2	300	297	584	1099511627769	0.006471	6871056	ok
upkeep	tend nodes already up (settled)	until every machine is stable	nodes	layered8x2	300	297	584	1099511627769	0.000041	63480	ok
upkeep	tend nodes already up (settled)	stopUpkeep	nodes	layered8x2	300	297	584	1099511627769	0.000330	125592	ok
upkeep	tend nodes already up (settled)	startUpkeep	nodes	layered8x2	1000	993	1976	1e38	0.049205	32848520	ok
upkeep	tend nodes already up (settled)	until every machine is stable	nodes	layered8x2	1000	993	1976	1e38	0.000154	208248	ok
upkeep	tend nodes already up (settled)	stopUpkeep	nodes	layered8x2	1000	993	1976	1e38	0.000663	413464	ok
upkeep	tend nodes already up (settled)	startUpkeep	nodes	layered8x2	3000	2993	5976	1e113	0.314012	117506808	ok
upkeep	tend nodes already up (settled)	until every machine is stable	nodes	layered8x2	3000	2993	5976	1e113	0.000485	624248	ok
upkeep	tend nodes already up (settled)	stopUpkeep	nodes	layered8x2	3000	2993	5976	1e113	0.002426	1243192	ok
upkeep	tend nodes already up (settled)	startUpkeep	nodes	layered8x2	10000	9993	19976	1e376	2.972743	411220464	ok
upkeep	tend nodes already up (settled)	until every machine is stable	nodes	layered8x2	10000	9993	19976	1e376	0.001655	2080248	ok
upkeep	tend nodes already up (settled)	stopUpkeep	nodes	layered8x2	10000	9993	19976	1e376	0.009274	4148728	ok
upkeep	tend nodes already up (settled)		nodes	layered8x2	10000	9993	19976	1e376	0.000000	0	stop:budget
upkeep	bring nodes up (unsettled)	startUpkeep	nodes	layered8x2	100	97	184	32761	0.002763	1191264	ok
upkeep	bring nodes up (unsettled)	until every machine is stable	nodes	layered8x2	100	97	184	32761	0.000216	126944	ok
upkeep	bring nodes up (unsettled)	stopUpkeep	nodes	layered8x2	100	97	184	32761	0.000236	42264	ok
upkeep	bring nodes up (unsettled)	startUpkeep	nodes	layered8x2	300	297	584	1099511627769	0.009520	7407024	ok
upkeep	bring nodes up (unsettled)	until every machine is stable	nodes	layered8x2	300	297	584	1099511627769	0.000256	201480	ok
upkeep	bring nodes up (unsettled)	stopUpkeep	nodes	layered8x2	300	297	584	1099511627769	0.000426	125592	ok
upkeep	bring nodes up (unsettled)	startUpkeep	nodes	layered8x2	1000	993	1976	1e38	0.035445	34502592	ok
upkeep	bring nodes up (unsettled)	until every machine is stable	nodes	layered8x2	1000	993	1976	1e38	0.000187	781808	ok
upkeep	bring nodes up (unsettled)	stopUpkeep	nodes	layered8x2	1000	993	1976	1e38	0.000448	413496	ok
upkeep	bring nodes up (unsettled)	startUpkeep	nodes	layered8x2	3000	2993	5976	1e113	0.237560	102199856	ok
upkeep	bring nodes up (unsettled)	until every machine is stable	nodes	layered8x2	3000	2993	5976	1e113	0.010186	24328496	ok
upkeep	bring nodes up (unsettled)	stopUpkeep	nodes	layered8x2	3000	2993	5976	1e113	0.002282	1243192	ok
upkeep	bring nodes up (unsettled)	startUpkeep	nodes	layered8x2	10000	9993	19976	1e376	2.777486	166439664	ok
upkeep	bring nodes up (unsettled)	until every machine is stable	nodes	layered8x2	10000	9993	19976	1e376	0.262535	286094968	ok
upkeep	bring nodes up (unsettled)	stopUpkeep	nodes	layered8x2	10000	9993	19976	1e376	0.009461	4148728	ok
upkeep	bring nodes up (unsettled)		nodes	layered8x2	10000	9993	19976	1e376	0.000000	0	stop:budget
upkeep	managed nodes: hold, hand over, adopt	startUpkeep	nodes	layered8x2	100	97	184	32761	0.001358	919952	ok
upkeep	managed nodes: hold, hand over, adopt	until every machine is stable	nodes	layered8x2	100	97	184	32761	0.001562	3352920	ok
upkeep	managed nodes: hold, hand over, adopt	stopUpkeep (machines kept)	nodes	layered8x2	100	97	184	32761	0.000090	285888	ok
upkeep	managed nodes: hold, hand over, adopt	startUpkeep (adopting)	nodes	layered8x2	100	97	184	32761	0.000301	292864	ok
upkeep	managed nodes: hold, hand over, adopt	stopUpkeep + releaseKept	nodes	layered8x2	100	97	184	32761	0.001219	341296	ok
upkeep	managed nodes: hold, hand over, adopt	startUpkeep	nodes	layered8x2	300	297	584	1099511627769	0.003759	2999296	ok
upkeep	managed nodes: hold, hand over, adopt	until every machine is stable	nodes	layered8x2	300	297	584	1099511627769	0.003818	11241000	ok
upkeep	managed nodes: hold, hand over, adopt	stopUpkeep (machines kept)	nodes	layered8x2	300	297	584	1099511627769	0.000101	446016	ok
upkeep	managed nodes: hold, hand over, adopt	startUpkeep (adopting)	nodes	layered8x2	300	297	584	1099511627769	0.001558	916632	ok
upkeep	managed nodes: hold, hand over, adopt	stopUpkeep + releaseKept	nodes	layered8x2	300	297	584	1099511627769	0.002797	1097720	ok
upkeep	managed nodes: hold, hand over, adopt	startUpkeep	nodes	layered8x2	1000	993	1976	1e38	0.024871	10568448	ok
upkeep	managed nodes: hold, hand over, adopt	until every machine is stable	nodes	layered8x2	1000	993	1976	1e38	0.016692	38596936	ok
upkeep	managed nodes: hold, hand over, adopt	stopUpkeep (machines kept)	nodes	layered8x2	1000	993	1976	1e38	0.000337	994672	ok
upkeep	managed nodes: hold, hand over, adopt	startUpkeep (adopting)	nodes	layered8x2	1000	993	1976	1e38	0.017217	3509248	ok
upkeep	managed nodes: hold, hand over, adopt	stopUpkeep + releaseKept	nodes	layered8x2	1000	993	1976	1e38	0.012779	17960192	ok
upkeep	managed nodes: hold, hand over, adopt	startUpkeep	nodes	layered8x2	3000	2993	5976	1e113	0.228567	33715568	ok
upkeep	managed nodes: hold, hand over, adopt	until every machine is stable	nodes	layered8x2	3000	2993	5976	1e113	0.075471	118512520	ok
upkeep	managed nodes: hold, hand over, adopt	stopUpkeep (machines kept)	nodes	layered8x2	3000	2993	5976	1e113	0.001329	2580744	ok
upkeep	managed nodes: hold, hand over, adopt	startUpkeep (adopting)	nodes	layered8x2	3000	2993	5976	1e113	0.208189	11764016	ok
upkeep	managed nodes: hold, hand over, adopt	stopUpkeep + releaseKept	nodes	layered8x2	3000	2993	5976	1e113	0.050223	100351432	ok
upkeep	managed nodes: hold, hand over, adopt	startUpkeep	nodes	layered8x2	10000	9993	19976	1e376	2.748298	120224640	ok
upkeep	managed nodes: hold, hand over, adopt	until every machine is stable	nodes	layered8x2	10000	9993	19976	1e376	0.435982	412641432	ok
upkeep	managed nodes: hold, hand over, adopt	stopUpkeep (machines kept)	nodes	layered8x2	10000	9993	19976	1e376	0.007855	8141416	ok
upkeep	managed nodes: hold, hand over, adopt	startUpkeep (adopting)	nodes	layered8x2	10000	9993	19976	1e376	3.240211	51903544	ok
upkeep	managed nodes: hold, hand over, adopt	stopUpkeep + releaseKept	nodes	layered8x2	10000	9993	19976	1e376	0.239685	274699448	ok
upkeep	managed nodes: hold, hand over, adopt		nodes	layered8x2	10000	9993	19976	1e376	0.000000	0	stop:budget
rewrite	no phase registered (wholeGraph + rewrite)		nodes	layered8x2	100	97	184	32761	0.000004	16704	ok
rewrite	no phase registered (wholeGraph + rewrite)		nodes	layered8x2	300	297	584	1099511627769	0.000012	48704	ok
rewrite	no phase registered (wholeGraph + rewrite)		nodes	layered8x2	1000	993	1976	1e38	0.000032	160064	ok
rewrite	no phase registered (wholeGraph + rewrite)		nodes	layered8x2	3000	2993	5976	1e113	0.000104	484120	ok
rewrite	no phase registered (wholeGraph + rewrite)		nodes	layered8x2	10000	9993	19976	1e376	0.000342	1600064	ok
rewrite	no phase registered (wholeGraph + rewrite)		nodes	layered8x2	30000	29993	59976	1e1129	0.001424	4800064	ok
rewrite	no phase registered (wholeGraph + rewrite)		nodes	layered8x2	100000	99993	199976	1e3763	0.005406	16000064	ok
rewrite	no phase registered (wholeGraph + rewrite)		nodes	layered8x2	100000	99993	199976	1e3763	0.000000	0	stop:cap
rewrite	one batch of a tenth of the nodes		nodes	layered8x2	100	97	184	32761	0.000234	236608	ok
rewrite	one batch of a tenth of the nodes		nodes	layered8x2	300	297	584	1099511627769	0.000712	844464	ok
rewrite	one batch of a tenth of the nodes		nodes	layered8x2	1000	993	1976	1e38	0.001375	3796272	ok
rewrite	one batch of a tenth of the nodes		nodes	layered8x2	3000	2993	5976	1e113	0.007490	18805376	ok
rewrite	one batch of a tenth of the nodes		nodes	layered8x2	10000	9993	19976	1e376	0.047340	175215264	ok
rewrite	one batch of a tenth of the nodes		nodes	layered8x2	30000	29993	59976	1e1129	0.448095	1601659104	ok
rewrite	one batch of a tenth of the nodes		nodes	layered8x2	100000	99993	199976	1e3763	5.365236	17857307096	ok
rewrite	one batch of a tenth of the nodes		nodes	layered8x2	100000	99993	199976	1e3763	0.000000	0	stop:budget
rewrite	sixteen batches of a tenth of the nodes		nodes	layered8x2	100	97	184	32761	0.001227	2080376	ok
rewrite	sixteen batches of a tenth of the nodes		nodes	layered8x2	300	297	584	1099511627769	0.004981	10769000	ok
rewrite	sixteen batches of a tenth of the nodes		nodes	layered8x2	1000	993	1976	1e38	0.022696	38404560	ok
rewrite	sixteen batches of a tenth of the nodes		nodes	layered8x2	3000	2993	5976	1e113	0.105295	124120784	ok
rewrite	sixteen batches of a tenth of the nodes		nodes	layered8x2	10000	9993	19976	1e376	0.537741	446603440	ok
rewrite	sixteen batches of a tenth of the nodes		nodes	layered8x2	30000	29993	59976	1e1129	2.233482	1456943032	ok
rewrite	sixteen batches of a tenth of the nodes		nodes	layered8x2	30000	29993	59976	1e1129	0.000000	0	stop:budget
ledger	eight overlapping declarations	contribution (of one Dag)	nodes	layered8x2	100	97	184	32761	0.000195	88152	ok
ledger	eight overlapping declarations	desired	nodes	layered8x2	100	97	184	32761	0.000027	19648	ok
ledger	eight overlapping declarations	precedenceOf	nodes	layered8x2	100	97	184	32761	0.000066	45808	ok
ledger	eight overlapping declarations	knownRefs	nodes	layered8x2	100	97	184	32761	0.000022	19648	ok
ledger	eight overlapping declarations	retractAll + collect, nothing standing	nodes	layered8x2	100	97	184	32761	0.000009	1984	ok
ledger	eight overlapping declarations	contribution (of one Dag)	nodes	layered8x2	300	297	584	1099511627769	0.000346	315048	ok
ledger	eight overlapping declarations	desired	nodes	layered8x2	300	297	584	1099511627769	0.000077	55048	ok
ledger	eight overlapping declarations	precedenceOf	nodes	layered8x2	300	297	584	1099511627769	0.000215	153448	ok
ledger	eight overlapping declarations	knownRefs	nodes	layered8x2	300	297	584	1099511627769	0.000070	55048	ok
ledger	eight overlapping declarations	retractAll + collect, nothing standing	nodes	layered8x2	300	297	584	1099511627769	0.000023	1984	ok
ledger	eight overlapping declarations	contribution (of one Dag)	nodes	layered8x2	1000	993	1976	1e38	0.000814	1202768	ok
ledger	eight overlapping declarations	desired	nodes	layered8x2	1000	993	1976	1e38	0.000231	184768	ok
ledger	eight overlapping declarations	precedenceOf	nodes	layered8x2	1000	993	1976	1e38	0.000668	524488	ok
ledger	eight overlapping declarations	knownRefs	nodes	layered8x2	1000	993	1976	1e38	0.000238	184768	ok
ledger	eight overlapping declarations	retractAll + collect, nothing standing	nodes	layered8x2	1000	993	1976	1e38	0.000079	1984	ok
ledger	eight overlapping declarations	contribution (of one Dag)	nodes	layered8x2	3000	2993	5976	1e113	0.003188	4017568	ok
ledger	eight overlapping declarations	desired	nodes	layered8x2	3000	2993	5976	1e113	0.000769	543728	ok
ledger	eight overlapping declarations	precedenceOf	nodes	layered8x2	3000	2993	5976	1e113	0.001997	1493128	ok
ledger	eight overlapping declarations	knownRefs	nodes	layered8x2	3000	2993	5976	1e113	0.000687	543728	ok
ledger	eight overlapping declarations	retractAll + collect, nothing standing	nodes	layered8x2	3000	2993	5976	1e113	0.000237	1984	ok
ledger	eight overlapping declarations	contribution (of one Dag)	nodes	layered8x2	10000	9993	19976	1e376	0.017329	14793168	ok
ledger	eight overlapping declarations	desired	nodes	layered8x2	10000	9993	19976	1e376	0.002638	1808808	ok
ledger	eight overlapping declarations	precedenceOf	nodes	layered8x2	10000	9993	19976	1e376	0.007594	4937888	ok
ledger	eight overlapping declarations	knownRefs	nodes	layered8x2	10000	9993	19976	1e376	0.002866	1808808	ok
ledger	eight overlapping declarations	retractAll + collect, nothing standing	nodes	layered8x2	10000	9993	19976	1e376	0.000787	1984	ok
ledger	eight overlapping declarations	contribution (of one Dag)	nodes	layered8x2	30000	29993	59976	1e1129	0.081189	48521448	ok
ledger	eight overlapping declarations	desired	nodes	layered8x2	30000	29993	59976	1e1129	0.009681	5401008	ok
ledger	eight overlapping declarations	precedenceOf	nodes	layered8x2	30000	29993	59976	1e1129	0.030635	14741568	ok
ledger	eight overlapping declarations	knownRefs	nodes	layered8x2	30000	29993	59976	1e1129	0.009551	5401008	ok
ledger	eight overlapping declarations	retractAll + collect, nothing standing	nodes	layered8x2	30000	29993	59976	1e1129	0.002866	1984	ok
ledger	eight overlapping declarations	contribution (of one Dag)	nodes	layered8x2	100000	99993	199976	1e3763	0.434313	175793088	ok
ledger	eight overlapping declarations	desired	nodes	layered8x2	100000	99993	199976	1e3763	0.042604	17917088	ok
ledger	eight overlapping declarations	precedenceOf	nodes	layered8x2	100000	99993	199976	1e3763	0.127089	48860168	ok
ledger	eight overlapping declarations	knownRefs	nodes	layered8x2	100000	99993	199976	1e3763	0.043504	17917088	ok
ledger	eight overlapping declarations	retractAll + collect, nothing standing	nodes	layered8x2	100000	99993	199976	1e3763	0.009884	1984	ok
ledger	eight overlapping declarations		nodes	layered8x2	100000	99993	199976	1e3763	0.000000	0	stop:cap
query	outline		nodes	layered8x2	100	97	184	32761	0.000639	1511912	ok
query	outline		nodes	layered8x2	300	297	584	1099511627769	0.001575	5062816	ok
query	outline		nodes	layered8x2	1000	993	1976	1e38	0.007065	17559080	ok
query	outline		nodes	layered8x2	3000	2993	5976	1e113	0.028869	54102168	ok
query	outline		nodes	layered8x2	10000	9993	19976	1e376	0.112225	183772176	ok
query	outline		nodes	layered8x2	30000	29993	59976	1e1129	0.384588	560141312	ok
query	outline		nodes	layered8x2	100000	99993	199976	1e3763	1.549512	1895167000	ok
query	outline		nodes	layered8x2	100000	99993	199976	1e3763	0.000000	0	stop:cap
query	paths per node (outline + outlinePaths, as worldPaths)		nodes	layered8x2	100	97	184	32761	0.001602	3211280	ok
query	paths per node (outline + outlinePaths, as worldPaths)		nodes	layered8x2	300	297	584	1099511627769	0.011281	16753856	ok
query	paths per node (outline + outlinePaths, as worldPaths)		nodes	layered8x2	1000	993	1976	1e38	0.114855	125704632	ok
query	paths per node (outline + outlinePaths, as worldPaths)		nodes	layered8x2	3000	2993	5976	1e113	0.992459	973135040	ok
query	paths per node (outline + outlinePaths, as worldPaths)		nodes	layered8x2	10000	9993	19976	1e376	11.027450	10180159192	ok
query	paths per node (outline + outlinePaths, as worldPaths)		nodes	layered8x2	10000	9993	19976	1e376	0.000000	0	stop:budget
query	resolveSelectors (select **, exclude **/n1/**)		nodes	layered8x2	100	97	184	32761	0.000719	1850328	ok
query	resolveSelectors (select **, exclude **/n1/**)		nodes	layered8x2	300	297	584	1099511627769	0.002864	6280952	ok
query	resolveSelectors (select **, exclude **/n1/**)		nodes	layered8x2	1000	993	1976	1e38	0.013174	22161928	ok
query	resolveSelectors (select **, exclude **/n1/**)		nodes	layered8x2	3000	2993	5976	1e113	0.047320	69239616	ok
query	resolveSelectors (select **, exclude **/n1/**)		nodes	layered8x2	10000	9993	19976	1e376	0.205598	238813384	ok
query	resolveSelectors (select **, exclude **/n1/**)		nodes	layered8x2	30000	29993	59976	1e1129	0.945613	737342240	ok
query	resolveSelectors (select **, exclude **/n1/**)		nodes	layered8x2	100000	99993	199976	1e3763	3.835796	2529359656	ok
query	resolveSelectors (select **, exclude **/n1/**)		nodes	layered8x2	100000	99993	199976	1e3763	0.000000	0	stop:budget
query	query show --dedupe (renderAnnotated)		nodes	layered8x2	100	97	184	32761	0.000796	1860920	ok
query	query show --dedupe (renderAnnotated)		nodes	layered8x2	300	297	584	1099511627769	0.002234	7476512	ok
query	query show --dedupe (renderAnnotated)		nodes	layered8x2	1000	993	1976	1e38	0.016696	41042888	ok
query	query show --dedupe (renderAnnotated)		nodes	layered8x2	3000	2993	5976	1e113	0.121972	258160568	ok
query	query show --dedupe (renderAnnotated)		nodes	layered8x2	10000	9993	19976	1e376	1.192383	2422441288	ok
query	query show --dedupe (renderAnnotated)		nodes	layered8x2	30000	29993	59976	1e1129	11.097443	20679338352	ok
query	query show --dedupe (renderAnnotated)		nodes	layered8x2	30000	29993	59976	1e1129	0.000000	0	stop:budget
query	query show, every path (renderAnnotated)		occurrences	layered8x2	32	25	40	57	0.000191	374864	ok
query	query show, every path (renderAnnotated)		occurrences	layered8x2	48	41	72	249	0.000951	1846608	ok
query	query show, every path (renderAnnotated)		occurrences	layered8x2	56	49	88	505	0.001267	3976784	ok
query	query show, every path (renderAnnotated)		occurrences	layered8x2	72	65	120	2041	0.007841	17984880	ok
query	query show, every path (renderAnnotated)		occurrences	layered8x2	88	81	152	8185	0.039211	79812352	ok
query	query show, every path (renderAnnotated)		occurrences	layered8x2	96	89	168	16377	0.084175	167367792	ok
query	query show, every path (renderAnnotated)		occurrences	layered8x2	112	105	200	65529	0.426132	734802760	ok
query	query show, every path (renderAnnotated)		occurrences	layered8x2	128	121	232	262137	1.971486	3202386008	ok
query	query show, every path (renderAnnotated)		occurrences	layered8x2	136	129	248	524281	4.251787	6638733936	ok
query	query show, every path (renderAnnotated)		occurrences	layered8x2	136	129	248	524281	0.000000	0	stop:budget
query	query plan (expand, fold, resolve, encode)		occurrences	layered8x2	32	25	40	57	0.000368	432320	ok
query	query plan (expand, fold, resolve, encode)		occurrences	layered8x2	48	41	72	249	0.001378	1708648	ok
query	query plan (expand, fold, resolve, encode)		occurrences	layered8x2	56	49	88	505	0.001492	3316824	ok
query	query plan (expand, fold, resolve, encode)		occurrences	layered8x2	72	65	120	2041	0.006844	13033768	ok
query	query plan (expand, fold, resolve, encode)		occurrences	layered8x2	88	81	152	8185	0.031965	52153840	ok
query	query plan (expand, fold, resolve, encode)		occurrences	layered8x2	96	89	168	16377	0.061109	103630752	ok
query	query plan (expand, fold, resolve, encode)		occurrences	layered8x2	112	105	200	65529	0.279560	428533944	ok
query	query plan (expand, fold, resolve, encode)		occurrences	layered8x2	128	121	232	262137	1.010379	1715630440	ok
query	query plan (expand, fold, resolve, encode)		occurrences	layered8x2	136	129	248	524281	2.445423	3378331184	ok
query	query plan (expand, fold, resolve, encode)		occurrences	layered8x2	136	129	248	524281	0.000000	0	stop:budget
query	run tree (dagLines)		nodes	layered8x2	100	97	184	32761	0.000100	78696	ok
query	run tree (dagLines)		nodes	layered8x2	300	297	584	1099511627769	0.000294	244960	ok
query	run tree (dagLines)		nodes	layered8x2	1000	993	1976	1e38	0.001229	823648	ok
query	run tree (dagLines)		nodes	layered8x2	3000	2993	5976	1e113	0.004997	2490552	ok
query	run tree (dagLines)		nodes	layered8x2	10000	9993	19976	1e376	0.020100	8307056	ok
query	run tree (dagLines)		nodes	layered8x2	30000	29993	59976	1e1129	0.078821	24938008	ok
query	run tree (dagLines)		nodes	layered8x2	100000	99993	199976	1e3763	0.378644	119497672	ok
query	run tree (dagLines)		nodes	layered8x2	100000	99993	199976	1e3763	0.000000	0	stop:cap
query	run dag (printDagCograph, to /dev/null)		nodes	layered8x2	100	97	184	32761	0.000263	1015048	ok
query	run dag (printDagCograph, to /dev/null)		nodes	layered8x2	300	297	584	1099511627769	0.000770	3017496	ok
query	run dag (printDagCograph, to /dev/null)		nodes	layered8x2	1000	993	1976	1e38	0.002798	9957824	ok
query	run dag (printDagCograph, to /dev/null)		nodes	layered8x2	3000	2993	5976	1e113	0.007975	30014864	ok
query	run dag (printDagCograph, to /dev/null)		nodes	layered8x2	10000	9993	19976	1e376	0.031545	100226400	ok
query	run dag (printDagCograph, to /dev/null)		nodes	layered8x2	30000	29993	59976	1e1129	0.098796	302079344	ok
query	run dag (printDagCograph, to /dev/null)		nodes	layered8x2	100000	99993	199976	1e3763	0.325144	1045388536	ok
query	run dag (printDagCograph, to /dev/null)		nodes	layered8x2	100000	99993	199976	1e3763	0.000000	0	stop:cap
serve	loop	record a declaration (expand, fold, ledger)	occurrences	layered8x2	32	25	40	57	0.000282	420760	ok
serve	loop	before the first pass (rewrite, worldDag)	occurrences	layered8x2	32	25	40	57	0.000006	9432	ok
serve	loop	first pass, every node up	occurrences	layered8x2	32	25	40	57	0.000446	342224	ok
serve	loop	status	occurrences	layered8x2	32	25	40	57	0.000125	163472	ok
serve	loop	before the idle pass	occurrences	layered8x2	32	25	40	57	0.000006	10952	ok
serve	loop	idle pass, nothing pending	occurrences	layered8x2	32	25	40	57	0.000017	20696	ok
serve	loop	clear	occurrences	layered8x2	32	25	40	57	0.000002	2976	ok
serve	loop	before the teardown pass	occurrences	layered8x2	32	25	40	57	0.000013	23840	ok
serve	loop	teardown pass, every node down	occurrences	layered8x2	32	25	40	57	0.000369	303344	ok
serve	loop	record a declaration (expand, fold, ledger)	occurrences	layered8x2	48	41	72	249	0.001116	1622720	ok
serve	loop	before the first pass (rewrite, worldDag)	occurrences	layered8x2	48	41	72	249	0.000006	14424	ok
serve	loop	first pass, every node up	occurrences	layered8x2	48	41	72	249	0.000636	654552	ok
serve	loop	status	occurrences	layered8x2	48	41	72	249	0.000310	485880	ok
serve	loop	before the idle pass	occurrences	layered8x2	48	41	72	249	0.000007	14920	ok
serve	loop	idle pass, nothing pending	occurrences	layered8x2	48	41	72	249	0.000028	33016	ok
serve	loop	clear	occurrences	layered8x2	48	41	72	249	0.000002	2784	ok
serve	loop	before the teardown pass	occurrences	layered8x2	48	41	72	249	0.000020	38080	ok
serve	loop	teardown pass, every node down	occurrences	layered8x2	48	41	72	249	0.000619	519808	ok
serve	loop	record a declaration (expand, fold, ledger)	occurrences	layered8x2	56	49	88	505	0.001898	3204520	ok
serve	loop	before the first pass (rewrite, worldDag)	occurrences	layered8x2	56	49	88	505	0.000007	20944	ok
serve	loop	first pass, every node up	occurrences	layered8x2	56	49	88	505	0.000518	636592	ok
serve	loop	status	occurrences	layered8x2	56	49	88	505	0.000586	689216	ok
serve	loop	before the idle pass	occurrences	layered8x2	56	49	88	505	0.000013	17160	ok
serve	loop	idle pass, nothing pending	occurrences	layered8x2	56	49	88	505	0.000044	39464	ok
serve	loop	clear	occurrences	layered8x2	56	49	88	505	0.000003	2784	ok
serve	loop	before the teardown pass	occurrences	layered8x2	56	49	88	505	0.000025	45488	ok
serve	loop	teardown pass, every node down	occurrences	layered8x2	56	49	88	505	0.000436	696232	ok
serve	loop	record a declaration (expand, fold, ledger)	occurrences	layered8x2	72	65	120	2041	0.006610	12865352	ok
serve	loop	before the first pass (rewrite, worldDag)	occurrences	layered8x2	72	65	120	2041	0.000009	21912	ok
serve	loop	first pass, every node up	occurrences	layered8x2	72	65	120	2041	0.000683	914016	ok
serve	loop	status	occurrences	layered8x2	72	65	120	2041	0.000719	1135920	ok
serve	loop	before the idle pass	occurrences	layered8x2	72	65	120	2041	0.000010	21640	ok
serve	loop	idle pass, nothing pending	occurrences	layered8x2	72	65	120	2041	0.000044	51704	ok
serve	loop	clear	occurrences	layered8x2	72	65	120	2041	0.000003	2784	ok
serve	loop	before the teardown pass	occurrences	layered8x2	72	65	120	2041	0.000033	59648	ok
serve	loop	teardown pass, every node down	occurrences	layered8x2	72	65	120	2041	0.000786	1083552	ok
serve	loop	record a declaration (expand, fold, ledger)	occurrences	layered8x2	88	81	152	8185	0.027072	51913048	ok
serve	loop	before the first pass (rewrite, worldDag)	occurrences	layered8x2	88	81	152	8185	0.000009	26904	ok
serve	loop	first pass, every node up	occurrences	layered8x2	88	81	152	8185	0.001137	1679504	ok
serve	loop	status	occurrences	layered8x2	88	81	152	8185	0.001001	1631320	ok
serve	loop	before the idle pass	occurrences	layered8x2	88	81	152	8185	0.000011	26120	ok
serve	loop	idle pass, nothing pending	occurrences	layered8x2	88	81	152	8185	0.000051	63416	ok
serve	loop	clear	occurrences	layered8x2	88	81	152	8185	0.000003	2784	ok
serve	loop	before the teardown pass	occurrences	layered8x2	88	81	152	8185	0.000040	73280	ok
serve	loop	teardown pass, every node down	occurrences	layered8x2	88	81	152	8185	0.001094	1032872	ok
serve	loop	record a declaration (expand, fold, ledger)	occurrences	layered8x2	96	89	168	16377	0.046777	103363288	ok
serve	loop	before the first pass (rewrite, worldDag)	occurrences	layered8x2	96	89	168	16377	0.000013	29400	ok
serve	loop	first pass, every node up	occurrences	layered8x2	96	89	168	16377	0.001154	2181760	ok
serve	loop	status	occurrences	layered8x2	96	89	168	16377	0.001138	1900528	ok
serve	loop	before the idle pass	occurrences	layered8x2	96	89	168	16377	0.000011	28360	ok
serve	loop	idle pass, nothing pending	occurrences	layered8x2	96	89	168	16377	0.000051	70048	ok
serve	loop	clear	occurrences	layered8x2	96	89	168	16377	0.000002	2784	ok
serve	loop	before the teardown pass	occurrences	layered8x2	96	89	168	16377	0.000046	80872	ok
serve	loop	teardown pass, every node down	occurrences	layered8x2	96	89	168	16377	0.001145	1382888	ok
serve	loop	record a declaration (expand, fold, ledger)	occurrences	layered8x2	112	105	200	65529	0.211076	428201008	ok
serve	loop	before the first pass (rewrite, worldDag)	occurrences	layered8x2	112	105	200	65529	0.000014	34392	ok
serve	loop	first pass, every node up	occurrences	layered8x2	112	105	200	65529	0.001292	2820544	ok
serve	loop	status	occurrences	layered8x2	112	105	200	65529	0.001632	2475272	ok
serve	loop	before the idle pass	occurrences	layered8x2	112	105	200	65529	0.000015	32840	ok
serve	loop	idle pass, nothing pending	occurrences	layered8x2	112	105	200	65529	0.000067	84016	ok
serve	loop	clear	occurrences	layered8x2	112	105	200	65529	0.000003	2784	ok
serve	loop	before the teardown pass	occurrences	layered8x2	112	105	200	65529	0.000054	100784	ok
serve	loop	teardown pass, every node down	occurrences	layered8x2	112	105	200	65529	0.001076	1322216	ok
serve	loop	record a declaration (expand, fold, ledger)	occurrences	layered8x2	128	121	232	262137	0.813728	1715235424	ok
serve	loop	before the first pass (rewrite, worldDag)	occurrences	layered8x2	128	121	232	262137	0.000013	39384	ok
serve	loop	first pass, every node up	occurrences	layered8x2	128	121	232	262137	0.001468	3179264	ok
serve	loop	status	occurrences	layered8x2	128	121	232	262137	0.001979	3095816	ok
serve	loop	before the idle pass	occurrences	layered8x2	128	121	232	262137	0.000016	37320	ok
serve	loop	idle pass, nothing pending	occurrences	layered8x2	128	121	232	262137	0.000074	92912	ok
serve	loop	clear	occurrences	layered8x2	128	121	232	262137	0.000003	6808	ok
serve	loop	before the teardown pass	occurrences	layered8x2	128	121	232	262137	0.000061	107576	ok
serve	loop	teardown pass, every node down	occurrences	layered8x2	128	121	232	262137	0.001234	1654120	ok
serve	loop	record a declaration (expand, fold, ledger)	occurrences	layered8x2	136	129	248	524281	1.562362	3377902520	ok
serve	loop	before the first pass (rewrite, worldDag)	occurrences	layered8x2	136	129	248	524281	0.000014	41880	ok
serve	loop	first pass, every node up	occurrences	layered8x2	136	129	248	524281	0.001316	3779064	ok
serve	loop	status	occurrences	layered8x2	136	129	248	524281	0.002016	3427904	ok
serve	loop	before the idle pass	occurrences	layered8x2	136	129	248	524281	0.000015	39560	ok
serve	loop	idle pass, nothing pending	occurrences	layered8x2	136	129	248	524281	0.000072	103736	ok
serve	loop	clear	occurrences	layered8x2	136	129	248	524281	0.000003	2784	ok
serve	loop	before the teardown pass	occurrences	layered8x2	136	129	248	524281	0.000058	115336	ok
serve	loop	teardown pass, every node down	occurrences	layered8x2	136	129	248	524281	0.001206	1727352	ok
serve	loop	record a declaration (expand, fold, ledger)	occurrences	layered8x2	152	145	280	2097145	6.572887	13968586464	ok
serve	loop	before the first pass (rewrite, worldDag)	occurrences	layered8x2	152	145	280	2097145	0.000015	46872	ok
serve	loop	first pass, every node up	occurrences	layered8x2	152	145	280	2097145	0.001930	4574584	ok
serve	loop	status	occurrences	layered8x2	152	145	280	2097145	0.002495	4133576	ok
serve	loop	before the idle pass	occurrences	layered8x2	152	145	280	2097145	0.000016	48096	ok
serve	loop	idle pass, nothing pending	occurrences	layered8x2	152	145	280	2097145	0.000086	114544	ok
serve	loop	clear	occurrences	layered8x2	152	145	280	2097145	0.000003	2784	ok
serve	loop	before the teardown pass	occurrences	layered8x2	152	145	280	2097145	0.000068	132088	ok
serve	loop	teardown pass, every node down	occurrences	layered8x2	152	145	280	2097145	0.001741	2476480	ok
serve	loop		occurrences	layered8x2	152	145	280	2097145	0.000000	0	stop:budget
render	GET /dag (dagValue + encode)		nodes	layered8x2	100	97	184	32761	0.000785	2986280	ok
render	GET /dag (dagValue + encode)		nodes	layered8x2	300	297	584	1099511627769	0.003155	9568152	ok
render	GET /dag (dagValue + encode)		nodes	layered8x2	1000	993	1976	1e38	0.013201	34005912	ok
render	GET /dag (dagValue + encode)		nodes	layered8x2	3000	2993	5976	1e113	0.072308	120464424	ok
render	GET /dag (dagValue + encode)		nodes	layered8x2	10000	9993	19976	1e376	0.445276	621734600	ok
render	GET /dag (dagValue + encode)		nodes	layered8x2	30000	29993	59976	1e1129	0.000000	0	stop:inputs
render	GET /status (status report + encode)		nodes	layered8x2	100	97	184	32761	0.000329	1378768	ok
render	GET /status (status report + encode)		nodes	layered8x2	300	297	584	1099511627769	0.001220	4415736	ok
render	GET /status (status report + encode)		nodes	layered8x2	1000	993	1976	1e38	0.006265	16689176	ok
render	GET /status (status report + encode)		nodes	layered8x2	3000	2993	5976	1e113	0.037535	68142504	ok
render	GET /status (status report + encode)		nodes	layered8x2	10000	9993	19976	1e376	0.315953	446980264	ok
render	GET /status (status report + encode)		nodes	layered8x2	30000	29993	59976	1e1129	0.000000	0	stop:inputs
render	status sink document (encode)		nodes	layered8x2	100	97	184	32761	0.000452	1393360	ok
render	status sink document (encode)		nodes	layered8x2	300	297	584	1099511627769	0.001184	4430016	ok
render	status sink document (encode)		nodes	layered8x2	1000	993	1976	1e38	0.006877	16702240	ok
render	status sink document (encode)		nodes	layered8x2	3000	2993	5976	1e113	0.039105	68160400	ok
render	status sink document (encode)		nodes	layered8x2	10000	9993	19976	1e376	0.376136	447000112	ok
render	status sink document (encode)		nodes	layered8x2	30000	29993	59976	1e1129	0.000000	0	stop:inputs
client	Model.fromDag		nodes	layered8x2	100	97	184	32761	0.000119	336824	ok
client	Model.fromDag		nodes	layered8x2	300	297	584	1099511627769	0.000391	1098232	ok
client	Model.fromDag		nodes	layered8x2	1000	993	1976	1e38	0.001619	3807976	ok
client	Model.fromDag		nodes	layered8x2	3000	2993	5976	1e113	0.008095	11853720	ok
client	Model.fromDag		nodes	layered8x2	10000	9993	19976	1e376	0.040640	40513032	ok
client	Model.fromDag		nodes	layered8x2	30000	29993	59976	1e1129	0.000000	0	stop:inputs
client	Model.step, one done event per node		nodes	layered8x2	100	97	184	32761	0.000057	107120	ok
client	Model.step, one done event per node		nodes	layered8x2	300	297	584	1099511627769	0.000195	346312	ok
client	Model.step, one done event per node		nodes	layered8x2	1000	993	1976	1e38	0.000964	1240696	ok
client	Model.step, one done event per node		nodes	layered8x2	3000	2993	5976	1e113	0.003601	3981848	ok
client	Model.step, one done event per node		nodes	layered8x2	10000	9993	19976	1e376	0.013969	14156344	ok
client	Model.step, one done event per node		nodes	layered8x2	30000	29993	59976	1e1129	0.000000	0	stop:inputs
client	Model.step, a teardown: one done event per node wanted down		nodes	layered8x2	100	97	184	32761	0.000151	354904	ok
client	Model.step, a teardown: one done event per node wanted down		nodes	layered8x2	300	297	584	1099511627769	0.001167	2768528	ok
client	Model.step, a teardown: one done event per node wanted down		nodes	layered8x2	1000	993	1976	1e38	0.011444	28692000	ok
client	Model.step, a teardown: one done event per node wanted down		nodes	layered8x2	3000	2993	5976	1e113	0.146707	353415952	ok
client	Model.step, a teardown: one done event per node wanted down		nodes	layered8x2	10000	9993	19976	1e376	1.626733	4301566864	ok
client	Model.step, a teardown: one done event per node wanted down		nodes	layered8x2	30000	29993	59976	1e1129	0.000000	0	stop:inputs
fold	expand (evalDeps, every occurrence visited)		occurrences	random8x3	24	17	32	33	0.000007	44280	ok
fold	expand (evalDeps, every occurrence visited)		occurrences	random8x3	32	25	56	105	0.000019	140232	ok
fold	expand (evalDeps, every occurrence visited)		occurrences	random8x3	48	41	104	969	0.000163	1291192	ok
fold	expand (evalDeps, every occurrence visited)		occurrences	random8x3	56	49	128	2913	0.000455	3883208	ok
fold	expand (evalDeps, every occurrence visited)		occurrences	random8x3	64	57	152	8745	0.001308	11654376	ok
fold	expand (evalDeps, every occurrence visited)		occurrences	random8x3	72	65	176	26241	0.003911	34952064	ok
fold	expand (evalDeps, every occurrence visited)		occurrences	random8x3	80	73	200	78729	0.018323	104849928	ok
fold	expand (evalDeps, every occurrence visited)		occurrences	random8x3	88	81	224	236193	0.067243	314654904	ok
fold	expand (evalDeps, every occurrence visited)		occurrences	random8x3	96	89	248	708585	0.191222	944348320	ok
fold	expand (evalDeps, every occurrence visited)		occurrences	random8x3	104	97	272	2125761	0.563909	2832048032	ok
fold	expand (evalDeps, every occurrence visited)		occurrences	random8x3	112	105	296	6377289	1.652787	8494692976	ok
fold	expand (evalDeps, every occurrence visited)		occurrences	random8x3	120	113	320	19131873	5.832832	25492130112	ok
fold	expand (evalDeps, every occurrence visited)		occurrences	random8x3	120	113	320	19131873	0.000000	0	stop:budget
fold	expand + foldDag		occurrences	random8x3	24	17	32	33	0.000100	201936	ok
fold	expand + foldDag		occurrences	random8x3	32	25	56	105	0.000289	644560	ok
fold	expand + foldDag		occurrences	random8x3	48	41	104	969	0.002805	6184312	ok
fold	expand + foldDag		occurrences	random8x3	56	49	128	2913	0.005037	18014768	ok
fold	expand + foldDag		occurrences	random8x3	64	57	152	8745	0.015464	54761424	ok
fold	expand + foldDag		occurrences	random8x3	72	65	176	26241	0.047891	168903088	ok
fold	expand + foldDag		occurrences	random8x3	80	73	200	78729	0.147428	511950248	ok
fold	expand + foldDag		occurrences	random8x3	88	81	224	236193	0.440209	1511626264	ok
fold	expand + foldDag		occurrences	random8x3	96	89	248	708585	1.307698	4491517632	ok
fold	expand + foldDag		occurrences	random8x3	104	97	272	2125761	4.160569	13860590312	ok
fold	expand + foldDag		occurrences	random8x3	104	97	272	2125761	0.000000	0	stop:budget
fold	dagOf (the fixture's per-node build, for comparison)		nodes	random8x3	100	97	272	2125761	0.000470	1299424	ok
fold	dagOf (the fixture's per-node build, for comparison)		nodes	random8x3	300	297	872	1e18	0.001258	4289408	ok
fold	dagOf (the fixture's per-node build, for comparison)		nodes	random8x3	1000	993	2960	1e59	0.005932	15096648	ok
fold	dagOf (the fixture's per-node build, for comparison)		nodes	random8x3	3000	2993	8960	1e179	0.024018	47229080	ok
fold	dagOf (the fixture's per-node build, for comparison)		nodes	random8x3	10000	9993	29960	1e596	0.101772	163695512	ok
fold	dagOf (the fixture's per-node build, for comparison)		nodes	random8x3	30000	29993	89960	1e1789	0.373409	507823216	ok
fold	dagOf (the fixture's per-node build, for comparison)		nodes	random8x3	100000	99993	299960	1e5964	1.499597	1752911600	ok
fold	dagOf (the fixture's per-node build, for comparison)		nodes	random8x3	100000	99993	299960	1e5964	0.000000	0	stop:cap
dag	fromMagma		nodes	random8x3	100	97	272	2125761	0.000275	562976	ok
dag	fromMagma		nodes	random8x3	300	297	872	1e18	0.001081	2160696	ok
dag	fromMagma		nodes	random8x3	1000	993	2960	1e59	0.005096	8687704	ok
dag	fromMagma		nodes	random8x3	3000	2993	8960	1e179	0.019995	29680760	ok
dag	fromMagma		nodes	random8x3	10000	9993	29960	1e596	0.096458	112653248	ok
dag	fromMagma		nodes	random8x3	30000	29993	89960	1e1789	0.405814	375209552	ok
dag	fromMagma		nodes	random8x3	100000	99993	299960	1e5964	2.160052	1387739320	ok
dag	fromMagma		nodes	random8x3	100000	99993	299960	1e5964	0.000000	0	stop:budget
dag	mergeDag into an empty Dag		nodes	random8x3	100	97	272	2125761	0.000440	403656	ok
dag	mergeDag into an empty Dag		nodes	random8x3	300	297	872	1e18	0.001049	1546096	ok
dag	mergeDag into an empty Dag		nodes	random8x3	1000	993	2960	1e59	0.003524	6240848	ok
dag	mergeDag into an empty Dag		nodes	random8x3	3000	2993	8960	1e179	0.014044	21637224	ok
dag	mergeDag into an empty Dag		nodes	random8x3	10000	9993	29960	1e596	0.060630	82769832	ok
dag	mergeDag into an empty Dag		nodes	random8x3	30000	29993	89960	1e1789	0.272022	276814680	ok
dag	mergeDag into an empty Dag		nodes	random8x3	100000	99993	299960	1e5964	1.282486	1026993872	ok
dag	mergeDag into an empty Dag		nodes	random8x3	100000	99993	299960	1e5964	0.000000	0	stop:cap
dag	mergeDag onto itself		nodes	random8x3	100	97	272	2125761	0.000321	366088	ok
dag	mergeDag onto itself		nodes	random8x3	300	297	872	1e18	0.001067	1503984	ok
dag	mergeDag onto itself		nodes	random8x3	1000	993	2960	1e59	0.003487	5812144	ok
dag	mergeDag onto itself		nodes	random8x3	3000	2993	8960	1e179	0.013137	20412752	ok
dag	mergeDag onto itself		nodes	random8x3	10000	9993	29960	1e596	0.057790	78515776	ok
dag	mergeDag onto itself		nodes	random8x3	30000	29993	89960	1e1789	0.254590	275031968	ok
dag	mergeDag onto itself		nodes	random8x3	100000	99993	299960	1e5964	2.031063	1022062712	ok
dag	mergeDag onto itself		nodes	random8x3	100000	99993	299960	1e5964	0.000000	0	stop:budget
dag	dagEdges		nodes	random8x3	100	97	272	2125761	0.000112	125824	ok
dag	dagEdges		nodes	random8x3	300	297	872	1e18	0.000295	463224	ok
dag	dagEdges		nodes	random8x3	1000	993	2960	1e59	0.001301	1764568	ok
dag	dagEdges		nodes	random8x3	3000	2993	8960	1e179	0.005110	5955208	ok
dag	dagEdges		nodes	random8x3	10000	9993	29960	1e596	0.022914	22089048	ok
dag	dagEdges		nodes	random8x3	30000	29993	89960	1e1789	0.093127	72305328	ok
dag	dagEdges		nodes	random8x3	100000	99993	299960	1e5964	0.595171	261883368	ok
dag	dagEdges		nodes	random8x3	100000	99993	299960	1e5964	0.000000	0	stop:cap
dag	roots + leaves		nodes	random8x3	100	97	272	2125761	0.000017	6328	ok
dag	roots + leaves		nodes	random8x3	300	297	872	1e18	0.000062	15928	ok
dag	roots + leaves		nodes	random8x3	1000	993	2960	1e59	0.000274	49336	ok
dag	roots + leaves		nodes	random8x3	3000	2993	8960	1e179	0.001054	149392	ok
dag	roots + leaves		nodes	random8x3	10000	9993	29960	1e596	0.004791	481336	ok
dag	roots + leaves		nodes	random8x3	30000	29993	89960	1e1789	0.018810	1441336	ok
dag	roots + leaves		nodes	random8x3	100000	99993	299960	1e5964	0.105835	4801336	ok
dag	roots + leaves		nodes	random8x3	100000	99993	299960	1e5964	0.000000	0	stop:cap
dag	stuck (waiting on dependencies)		nodes	random8x3	100	97	272	2125761	0.000142	66776	ok
dag	stuck (waiting on dependencies)		nodes	random8x3	300	297	872	1e18	0.001236	278016	ok
dag	stuck (waiting on dependencies)		nodes	random8x3	1000	993	2960	1e59	0.015207	1232144	ok
dag	stuck (waiting on dependencies)		nodes	random8x3	3000	2993	8960	1e179	0.163647	4515344	ok
dag	stuck (waiting on dependencies)		nodes	random8x3	10000	9993	29960	1e596	2.397482	17909064	ok
dag	stuck (waiting on dependencies)		nodes	random8x3	10000	9993	29960	1e596	0.000000	0	stop:budget
dag	stuck (waiting on dependants)		nodes	random8x3	100	97	272	2125761	0.000215	69496	ok
dag	stuck (waiting on dependants)		nodes	random8x3	300	297	872	1e18	0.001205	285976	ok
dag	stuck (waiting on dependants)		nodes	random8x3	1000	993	2960	1e59	0.014590	1244504	ok
dag	stuck (waiting on dependants)		nodes	random8x3	3000	2993	8960	1e179	0.155866	4565624	ok
dag	stuck (waiting on dependants)		nodes	random8x3	10000	9993	29960	1e596	2.348860	18041904	ok
dag	stuck (waiting on dependants)		nodes	random8x3	10000	9993	29960	1e596	0.000000	0	stop:budget
walk	upDag (sequential)		nodes	random8x3	100	97	272	2125761	0.000145	211656	ok
walk	upDag (sequential)		nodes	random8x3	300	297	872	1e18	0.000582	773528	ok
walk	upDag (sequential)		nodes	random8x3	1000	993	2960	1e59	0.002486	3029344	ok
walk	upDag (sequential)		nodes	random8x3	3000	2993	8960	1e179	0.010257	10288352	ok
walk	upDag (sequential)		nodes	random8x3	10000	9993	29960	1e596	0.055614	38599320	ok
walk	upDag (sequential)		nodes	random8x3	30000	29993	89960	1e1789	0.181153	127638760	ok
walk	upDag (sequential)		nodes	random8x3	100000	99993	299960	1e5964	0.994993	468017456	ok
walk	upDag (sequential)		nodes	random8x3	100000	99993	299960	1e5964	0.000000	0	stop:cap
walk	downDag (sequential)		nodes	random8x3	100	97	272	2125761	0.000184	192424	ok
walk	downDag (sequential)		nodes	random8x3	300	297	872	1e18	0.000734	717656	ok
walk	downDag (sequential)		nodes	random8x3	1000	993	2960	1e59	0.003209	2841208	ok
walk	downDag (sequential)		nodes	random8x3	3000	2993	8960	1e179	0.014414	9725856	ok
walk	downDag (sequential)		nodes	random8x3	10000	9993	29960	1e596	0.070221	36745720	ok
walk	downDag (sequential)		nodes	random8x3	30000	29993	89960	1e1789	0.325395	121808760	ok
walk	downDag (sequential)		nodes	random8x3	100000	99993	299960	1e5964	2.008823	448540960	ok
walk	downDag (sequential)		nodes	random8x3	100000	99993	299960	1e5964	0.000000	0	stop:budget
walk	upDagConcurrent		nodes	random8x3	100	97	272	2125761	0.001402	713752	ok
walk	upDagConcurrent		nodes	random8x3	300	297	872	1e18	0.005150	2489472	ok
walk	upDagConcurrent		nodes	random8x3	1000	993	2960	1e59	0.038608	8434056	ok
walk	upDagConcurrent		nodes	random8x3	3000	2993	8960	1e179	0.378934	27886744	ok
walk	upDagConcurrent		nodes	random8x3	10000	9993	29960	1e596	4.349051	91289240	ok
walk	upDagConcurrent		nodes	random8x3	10000	9993	29960	1e596	0.000000	0	stop:budget
walk	downDagConcurrent		nodes	random8x3	100	97	272	2125761	0.001371	691784	ok
walk	downDagConcurrent		nodes	random8x3	300	297	872	1e18	0.003578	2238360	ok
walk	downDagConcurrent		nodes	random8x3	1000	993	2960	1e59	0.031088	7793096	ok
walk	downDagConcurrent		nodes	random8x3	3000	2993	8960	1e179	0.312087	24548712	ok
walk	downDagConcurrent		nodes	random8x3	10000	9993	29960	1e596	3.853490	85543904	ok
walk	downDagConcurrent		nodes	random8x3	10000	9993	29960	1e596	0.000000	0	stop:budget
upkeep	tend nodes already up (settled)	startUpkeep	nodes	random8x3	100	97	272	2125761	0.001700	1078096	ok
upkeep	tend nodes already up (settled)	until every machine is stable	nodes	random8x3	100	97	272	2125761	0.000012	21880	ok
upkeep	tend nodes already up (settled)	stopUpkeep	nodes	random8x3	100	97	272	2125761	0.000159	42168	ok
upkeep	tend nodes already up (settled)	startUpkeep	nodes	random8x3	300	297	872	1e18	0.005976	6866224	ok
upkeep	tend nodes already up (settled)	until every machine is stable	nodes	random8x3	300	297	872	1e18	0.000036	63480	ok
upkeep	tend nodes already up (settled)	stopUpkeep	nodes	random8x3	300	297	872	1e18	0.000186	125304	ok
upkeep	tend nodes already up (settled)	startUpkeep	nodes	random8x3	1000	993	2960	1e59	0.048547	32895464	ok
upkeep	tend nodes already up (settled)	until every machine is stable	nodes	random8x3	1000	993	2960	1e59	0.000147	208248	ok
upkeep	tend nodes already up (settled)	stopUpkeep	nodes	random8x3	1000	993	2960	1e59	0.000691	413464	ok
upkeep	tend nodes already up (settled)	startUpkeep	nodes	random8x3	3000	2993	8960	1e179	0.316107	117548144	ok
upkeep	tend nodes already up (settled)	until every machine is stable	nodes	random8x3	3000	2993	8960	1e179	0.000627	624248	ok
upkeep	tend nodes already up (settled)	stopUpkeep	nodes	random8x3	3000	2993	8960	1e179	0.003662	1243288	ok
upkeep	tend nodes already up (settled)	startUpkeep	nodes	random8x3	10000	9993	29960	1e596	4.050723	411386704	ok
upkeep	tend nodes already up (settled)	until every machine is stable	nodes	random8x3	10000	9993	29960	1e596	0.002680	2080248	ok
upkeep	tend nodes already up (settled)	stopUpkeep	nodes	random8x3	10000	9993	29960	1e596	0.016145	4149392	ok
upkeep	tend nodes already up (settled)		nodes	random8x3	10000	9993	29960	1e596	0.000000	0	stop:budget
upkeep	bring nodes up (unsettled)	startUpkeep	nodes	random8x3	100	97	272	2125761	0.001747	1293568	ok
upkeep	bring nodes up (unsettled)	until every machine is stable	nodes	random8x3	100	97	272	2125761	0.000079	29448	ok
upkeep	bring nodes up (unsettled)	stopUpkeep	nodes	random8x3	100	97	272	2125761	0.000125	42168	ok
upkeep	bring nodes up (unsettled)	startUpkeep	nodes	random8x3	300	297	872	1e18	0.005693	7533096	ok
upkeep	bring nodes up (unsettled)	until every machine is stable	nodes	random8x3	300	297	872	1e18	0.000087	76320	ok
upkeep	bring nodes up (unsettled)	stopUpkeep	nodes	random8x3	300	297	872	1e18	0.000147	125304	ok
upkeep	bring nodes up (unsettled)	startUpkeep	nodes	random8x3	1000	993	2960	1e59	0.042725	35128496	ok
upkeep	bring nodes up (unsettled)	until every machine is stable	nodes	random8x3	1000	993	2960	1e59	0.000145	247384	ok
upkeep	bring nodes up (unsettled)	stopUpkeep	nodes	random8x3	1000	993	2960	1e59	0.000456	413496	ok
upkeep	bring nodes up (unsettled)	startUpkeep	nodes	random8x3	3000	2993	8960	1e179	0.322021	124549984	ok
upkeep	bring nodes up (unsettled)	until every machine is stable	nodes	random8x3	3000	2993	8960	1e179	0.000584	627864	ok
upkeep	bring nodes up (unsettled)	stopUpkeep	nodes	random8x3	3000	2993	8960	1e179	0.002565	1243320	ok
upkeep	bring nodes up (unsettled)	startUpkeep	nodes	random8x3	10000	9993	29960	1e596	3.928456	234964208	ok
upkeep	bring nodes up (unsettled)	until every machine is stable	nodes	random8x3	10000	9993	29960	1e596	0.419993	228020440	ok
upkeep	bring nodes up (unsettled)	stopUpkeep	nodes	random8x3	10000	9993	29960	1e596	0.018908	4331656	ok
upkeep	bring nodes up (unsettled)		nodes	random8x3	10000	9993	29960	1e596	0.000000	0	stop:budget
upkeep	managed nodes: hold, hand over, adopt	startUpkeep	nodes	random8x3	100	97	272	2125761	0.002012	975840	ok
upkeep	managed nodes: hold, hand over, adopt	until every machine is stable	nodes	random8x3	100	97	272	2125761	0.001823	3560936	ok
upkeep	managed nodes: hold, hand over, adopt	stopUpkeep (machines kept)	nodes	random8x3	100	97	272	2125761	0.000121	285424	ok
upkeep	managed nodes: hold, hand over, adopt	startUpkeep (adopting)	nodes	random8x3	100	97	272	2125761	0.000394	291608	ok
upkeep	managed nodes: hold, hand over, adopt	stopUpkeep + releaseKept	nodes	random8x3	100	97	272	2125761	0.001377	342440	ok
upkeep	managed nodes: hold, hand over, adopt	startUpkeep	nodes	random8x3	300	297	872	1e18	0.005002	3177416	ok
upkeep	managed nodes: hold, hand over, adopt	until every machine is stable	nodes	random8x3	300	297	872	1e18	0.005251	11643648	ok
upkeep	managed nodes: hold, hand over, adopt	stopUpkeep (machines kept)	nodes	random8x3	300	297	872	1e18	0.000141	444624	ok
upkeep	managed nodes: hold, hand over, adopt	startUpkeep (adopting)	nodes	random8x3	300	297	872	1e18	0.002275	913240	ok
upkeep	managed nodes: hold, hand over, adopt	stopUpkeep + releaseKept	nodes	random8x3	300	297	872	1e18	0.004140	1098424	ok
upkeep	managed nodes: hold, hand over, adopt	startUpkeep	nodes	random8x3	1000	993	2960	1e59	0.040314	10914128	ok
upkeep	managed nodes: hold, hand over, adopt	until every machine is stable	nodes	random8x3	1000	993	2960	1e59	0.027958	40138800	ok
upkeep	managed nodes: hold, hand over, adopt	stopUpkeep (machines kept)	nodes	random8x3	1000	993	2960	1e59	0.000412	994672	ok
upkeep	managed nodes: hold, hand over, adopt	startUpkeep (adopting)	nodes	random8x3	1000	993	2960	1e59	0.023610	3519712	ok
upkeep	managed nodes: hold, hand over, adopt	stopUpkeep + releaseKept	nodes	random8x3	1000	993	2960	1e59	0.016416	17882488	ok
upkeep	managed nodes: hold, hand over, adopt	startUpkeep	nodes	random8x3	3000	2993	8960	1e179	0.286097	34685928	ok
upkeep	managed nodes: hold, hand over, adopt	until every machine is stable	nodes	random8x3	3000	2993	8960	1e179	0.103126	123292160	ok
upkeep	managed nodes: hold, hand over, adopt	stopUpkeep (machines kept)	nodes	random8x3	3000	2993	8960	1e179	0.001676	2581208	ok
upkeep	managed nodes: hold, hand over, adopt	startUpkeep (adopting)	nodes	random8x3	3000	2993	8960	1e179	0.228940	11762240	ok
upkeep	managed nodes: hold, hand over, adopt	stopUpkeep + releaseKept	nodes	random8x3	3000	2993	8960	1e179	0.076081	100433336	ok
upkeep	managed nodes: hold, hand over, adopt	startUpkeep	nodes	random8x3	10000	9993	29960	1e596	3.573562	122231088	ok
upkeep	managed nodes: hold, hand over, adopt	until every machine is stable	nodes	random8x3	10000	9993	29960	1e596	0.698150	429268904	ok
upkeep	managed nodes: hold, hand over, adopt	stopUpkeep (machines kept)	nodes	random8x3	10000	9993	29960	1e596	0.010145	8150440	ok
upkeep	managed nodes: hold, hand over, adopt	startUpkeep (adopting)	nodes	random8x3	10000	9993	29960	1e596	3.736601	51925824	ok
upkeep	managed nodes: hold, hand over, adopt	stopUpkeep + releaseKept	nodes	random8x3	10000	9993	29960	1e596	0.289866	274433344	ok
upkeep	managed nodes: hold, hand over, adopt		nodes	random8x3	10000	9993	29960	1e596	0.000000	0	stop:budget
rewrite	no phase registered (wholeGraph + rewrite)		nodes	random8x3	100	97	272	2125761	0.000006	16704	ok
rewrite	no phase registered (wholeGraph + rewrite)		nodes	random8x3	300	297	872	1e18	0.000025	48704	ok
rewrite	no phase registered (wholeGraph + rewrite)		nodes	random8x3	1000	993	2960	1e59	0.000050	160064	ok
rewrite	no phase registered (wholeGraph + rewrite)		nodes	random8x3	3000	2993	8960	1e179	0.000164	484120	ok
rewrite	no phase registered (wholeGraph + rewrite)		nodes	random8x3	10000	9993	29960	1e596	0.000689	1600064	ok
rewrite	no phase registered (wholeGraph + rewrite)		nodes	random8x3	30000	29993	89960	1e1789	0.002964	4800064	ok
rewrite	no phase registered (wholeGraph + rewrite)		nodes	random8x3	100000	99993	299960	1e5964	0.009218	16000064	ok
rewrite	no phase registered (wholeGraph + rewrite)		nodes	random8x3	100000	99993	299960	1e5964	0.000000	0	stop:cap
rewrite	one batch of a tenth of the nodes		nodes	random8x3	100	97	272	2125761	0.000212	316696	ok
rewrite	one batch of a tenth of the nodes		nodes	random8x3	300	297	872	1e18	0.000913	1210824	ok
rewrite	one batch of a tenth of the nodes		nodes	random8x3	1000	993	2960	1e59	0.002412	5735520	ok
rewrite	one batch of a tenth of the nodes		nodes	random8x3	3000	2993	8960	1e179	0.012720	31245176	ok
rewrite	one batch of a tenth of the nodes		nodes	random8x3	10000	9993	29960	1e596	0.117986	337944240	ok
rewrite	one batch of a tenth of the nodes		nodes	random8x3	30000	29993	89960	1e1789	0.930197	3085854904	ok
rewrite	one batch of a tenth of the nodes		nodes	random8x3	100000	99993	299960	1e5964	9.041870	34466295008	ok
rewrite	one batch of a tenth of the nodes		nodes	random8x3	100000	99993	299960	1e5964	0.000000	0	stop:budget
rewrite	sixteen batches of a tenth of the nodes		nodes	random8x3	100	97	272	2125761	0.000829	2767480	ok
rewrite	sixteen batches of a tenth of the nodes		nodes	random8x3	300	297	872	1e18	0.005636	14697120	ok
rewrite	sixteen batches of a tenth of the nodes		nodes	random8x3	1000	993	2960	1e59	0.024099	53250016	ok
rewrite	sixteen batches of a tenth of the nodes		nodes	random8x3	3000	2993	8960	1e179	0.125916	172251888	ok
rewrite	sixteen batches of a tenth of the nodes		nodes	random8x3	10000	9993	29960	1e596	0.721157	625475824	ok
rewrite	sixteen batches of a tenth of the nodes		nodes	random8x3	30000	29993	89960	1e1789	3.344753	2077492360	ok
rewrite	sixteen batches of a tenth of the nodes		nodes	random8x3	30000	29993	89960	1e1789	0.000000	0	stop:budget
ledger	eight overlapping declarations	contribution (of one Dag)	nodes	random8x3	100	97	272	2125761	0.000213	130592	ok
ledger	eight overlapping declarations	desired	nodes	random8x3	100	97	272	2125761	0.000044	21568	ok
ledger	eight overlapping declarations	precedenceOf	nodes	random8x3	100	97	272	2125761	0.000165	71128	ok
ledger	eight overlapping declarations	knownRefs	nodes	random8x3	100	97	272	2125761	0.000043	21568	ok
ledger	eight overlapping declarations	retractAll + collect, nothing standing	nodes	random8x3	100	97	272	2125761	0.000013	1984	ok
ledger	eight overlapping declarations	contribution (of one Dag)	nodes	random8x3	300	297	872	1e18	0.000317	475104	ok
ledger	eight overlapping declarations	desired	nodes	random8x3	300	297	872	1e18	0.000079	52248	ok
ledger	eight overlapping declarations	precedenceOf	nodes	random8x3	300	297	872	1e18	0.000348	223088	ok
ledger	eight overlapping declarations	knownRefs	nodes	random8x3	300	297	872	1e18	0.000072	52248	ok
ledger	eight overlapping declarations	retractAll + collect, nothing standing	nodes	random8x3	300	297	872	1e18	0.000025	1984	ok
ledger	eight overlapping declarations	contribution (of one Dag)	nodes	random8x3	1000	993	2960	1e59	0.001285	1804288	ok
ledger	eight overlapping declarations	desired	nodes	random8x3	1000	993	2960	1e59	0.000235	181328	ok
ledger	eight overlapping declarations	precedenceOf	nodes	random8x3	1000	993	2960	1e59	0.001118	768688	ok
ledger	eight overlapping declarations	knownRefs	nodes	random8x3	1000	993	2960	1e59	0.000232	181328	ok
ledger	eight overlapping declarations	retractAll + collect, nothing standing	nodes	random8x3	1000	993	2960	1e59	0.000084	1984	ok
ledger	eight overlapping declarations	contribution (of one Dag)	nodes	random8x3	3000	2993	8960	1e179	0.007124	6074928	ok
ledger	eight overlapping declarations	desired	nodes	random8x3	3000	2993	8960	1e179	0.000787	547128	ok
ledger	eight overlapping declarations	precedenceOf	nodes	random8x3	3000	2993	8960	1e179	0.004334	2269328	ok
ledger	eight overlapping declarations	knownRefs	nodes	random8x3	3000	2993	8960	1e179	0.000782	547128	ok
ledger	eight overlapping declarations	retractAll + collect, nothing standing	nodes	random8x3	3000	2993	8960	1e179	0.000251	1984	ok
ledger	eight overlapping declarations	contribution (of one Dag)	nodes	random8x3	10000	9993	29960	1e596	0.030901	22488768	ok
ledger	eight overlapping declarations	desired	nodes	random8x3	10000	9993	29960	1e596	0.003116	1781728	ok
ledger	eight overlapping declarations	precedenceOf	nodes	random8x3	10000	9993	29960	1e596	0.014397	7572048	ok
ledger	eight overlapping declarations	knownRefs	nodes	random8x3	10000	9993	29960	1e596	0.002747	1781728	ok
ledger	eight overlapping declarations	retractAll + collect, nothing standing	nodes	random8x3	10000	9993	29960	1e596	0.000791	1984	ok
ledger	eight overlapping declarations	contribution (of one Dag)	nodes	random8x3	30000	29993	89960	1e1789	0.111431	73505048	ok
ledger	eight overlapping declarations	desired	nodes	random8x3	30000	29993	89960	1e1789	0.009463	5330528	ok
ledger	eight overlapping declarations	precedenceOf	nodes	random8x3	30000	29993	89960	1e1789	0.044227	22762968	ok
ledger	eight overlapping declarations	knownRefs	nodes	random8x3	30000	29993	89960	1e1789	0.010789	5330528	ok
ledger	eight overlapping declarations	retractAll + collect, nothing standing	nodes	random8x3	30000	29993	89960	1e1789	0.002342	1984	ok
ledger	eight overlapping declarations	contribution (of one Dag)	nodes	random8x3	100000	99993	299960	1e5964	0.675105	265883088	ok
ledger	eight overlapping declarations	desired	nodes	random8x3	100000	99993	299960	1e5964	0.044919	18046488	ok
ledger	eight overlapping declarations	precedenceOf	nodes	random8x3	100000	99993	299960	1e5964	0.214467	76059368	ok
ledger	eight overlapping declarations	knownRefs	nodes	random8x3	100000	99993	299960	1e5964	0.042469	18046488	ok
ledger	eight overlapping declarations	retractAll + collect, nothing standing	nodes	random8x3	100000	99993	299960	1e5964	0.008417	1984	ok
ledger	eight overlapping declarations		nodes	random8x3	100000	99993	299960	1e5964	0.000000	0	stop:cap
query	outline		nodes	random8x3	100	97	272	2125761	0.001094	3137656	ok
query	outline		nodes	random8x3	300	297	872	1e18	0.004580	10681760	ok
query	outline		nodes	random8x3	1000	993	2960	1e59	0.013806	37132496	ok
query	outline		nodes	random8x3	3000	2993	8960	1e179	0.051188	113898192	ok
query	outline		nodes	random8x3	10000	9993	29960	1e596	0.204386	384957464	ok
query	outline		nodes	random8x3	30000	29993	89960	1e1789	0.681667	1167157704	ok
query	outline		nodes	random8x3	100000	99993	299960	1e5964	2.521964	3928434000	ok
query	outline		nodes	random8x3	100000	99993	299960	1e5964	0.000000	0	stop:budget
query	paths per node (outline + outlinePaths, as worldPaths)		nodes	random8x3	100	97	272	2125761	0.002301	5445624	ok
query	paths per node (outline + outlinePaths, as worldPaths)		nodes	random8x3	300	297	872	1e18	0.013641	26022272	ok
query	paths per node (outline + outlinePaths, as worldPaths)		nodes	random8x3	1000	993	2960	1e59	0.116454	176960392	ok
query	paths per node (outline + outlinePaths, as worldPaths)		nodes	random8x3	3000	2993	8960	1e179	1.111751	1296361424	ok
query	paths per node (outline + outlinePaths, as worldPaths)		nodes	random8x3	10000	9993	29960	1e596	16.043437	13220592328	ok
query	paths per node (outline + outlinePaths, as worldPaths)		nodes	random8x3	10000	9993	29960	1e596	0.000000	0	stop:budget
query	resolveSelectors (select **, exclude **/n1/**)		nodes	random8x3	100	97	272	2125761	0.000895	3537272	ok
query	resolveSelectors (select **, exclude **/n1/**)		nodes	random8x3	300	297	872	1e18	0.003514	12081216	ok
query	resolveSelectors (select **, exclude **/n1/**)		nodes	random8x3	1000	993	2960	1e59	0.016900	42301480	ok
query	resolveSelectors (select **, exclude **/n1/**)		nodes	random8x3	3000	2993	8960	1e179	0.065430	130635800	ok
query	resolveSelectors (select **, exclude **/n1/**)		nodes	random8x3	10000	9993	29960	1e596	0.277588	445212592	ok
query	resolveSelectors (select **, exclude **/n1/**)		nodes	random8x3	30000	29993	89960	1e1789	1.019545	1359950088	ok
query	resolveSelectors (select **, exclude **/n1/**)		nodes	random8x3	100000	99993	299960	1e5964	4.423874	4614445120	ok
query	resolveSelectors (select **, exclude **/n1/**)		nodes	random8x3	100000	99993	299960	1e5964	0.000000	0	stop:budget
query	query show --dedupe (renderAnnotated)		nodes	random8x3	100	97	272	2125761	0.001321	3486376	ok
query	query show --dedupe (renderAnnotated)		nodes	random8x3	300	297	872	1e18	0.003967	13094544	ok
query	query show --dedupe (renderAnnotated)		nodes	random8x3	1000	993	2960	1e59	0.020804	60612512	ok
query	query show --dedupe (renderAnnotated)		nodes	random8x3	3000	2993	8960	1e179	0.117552	317948432	ok
query	query show --dedupe (renderAnnotated)		nodes	random8x3	10000	9993	29960	1e596	1.109446	2623593840	ok
query	query show --dedupe (renderAnnotated)		nodes	random8x3	30000	29993	89960	1e1789	13.686578	21286220352	ok
query	query show --dedupe (renderAnnotated)		nodes	random8x3	30000	29993	89960	1e1789	0.000000	0	stop:budget
query	query show, every path (renderAnnotated)		occurrences	random8x3	24	17	32	33	0.000073	206632	ok
query	query show, every path (renderAnnotated)		occurrences	random8x3	32	25	56	105	0.000246	710152	ok
query	query show, every path (renderAnnotated)		occurrences	random8x3	48	41	104	969	0.003127	7486952	ok
query	query show, every path (renderAnnotated)		occurrences	random8x3	56	49	128	2913	0.012740	24005488	ok
query	query show, every path (renderAnnotated)		occurrences	random8x3	64	57	152	8745	0.046605	76479880	ok
query	query show, every path (renderAnnotated)		occurrences	random8x3	72	65	176	26241	0.152264	243767928	ok
query	query show, every path (renderAnnotated)		occurrences	random8x3	80	73	200	78729	0.502784	771238448	ok
query	query show, every path (renderAnnotated)		occurrences	random8x3	88	81	224	236193	1.551761	2426362720	ok
query	query show, every path (renderAnnotated)		occurrences	random8x3	96	89	248	708585	4.014563	7647875368	ok
query	query show, every path (renderAnnotated)		occurrences	random8x3	96	89	248	708585	0.000000	0	stop:budget
query	query plan (expand, fold, resolve, encode)		occurrences	random8x3	24	17	32	33	0.000092	258728	ok
query	query plan (expand, fold, resolve, encode)		occurrences	random8x3	32	25	56	105	0.000246	757072	ok
query	query plan (expand, fold, resolve, encode)		occurrences	random8x3	48	41	104	969	0.002199	6401616	ok
query	query plan (expand, fold, resolve, encode)		occurrences	random8x3	56	49	128	2913	0.006428	18288968	ok
query	query plan (expand, fold, resolve, encode)		occurrences	random8x3	64	57	152	8745	0.021438	55099168	ok
query	query plan (expand, fold, resolve, encode)		occurrences	random8x3	72	65	176	26241	0.062811	169296248	ok
query	query plan (expand, fold, resolve, encode)		occurrences	random8x3	80	73	200	78729	0.203564	512405848	ok
query	query plan (expand, fold, resolve, encode)		occurrences	random8x3	88	81	224	236193	0.587968	1512138032	ok
query	query plan (expand, fold, resolve, encode)		occurrences	random8x3	96	89	248	708585	1.821769	4492090400	ok
query	query plan (expand, fold, resolve, encode)		occurrences	random8x3	104	97	272	2125761	5.738935	13861224544	ok
query	query plan (expand, fold, resolve, encode)		occurrences	random8x3	104	97	272	2125761	0.000000	0	stop:budget
query	run tree (dagLines)		nodes	random8x3	100	97	272	2125761	0.000095	92776	ok
query	run tree (dagLines)		nodes	random8x3	300	297	872	1e18	0.000425	292600	ok
query	run tree (dagLines)		nodes	random8x3	1000	993	2960	1e59	0.001274	988216	ok
query	run tree (dagLines)		nodes	random8x3	3000	2993	8960	1e179	0.002966	2987064	ok
query	run tree (dagLines)		nodes	random8x3	10000	9993	29960	1e596	0.012734	9983624	ok
query	run tree (dagLines)		nodes	random8x3	30000	29993	89960	1e1789	0.058534	29974576	ok
query	run tree (dagLines)		nodes	random8x3	100000	99993	299960	1e5964	0.397579	136294240	ok
query	run tree (dagLines)		nodes	random8x3	100000	99993	299960	1e5964	0.000000	0	stop:cap
query	run dag (printDagCograph, to /dev/null)		nodes	random8x3	100	97	272	2125761	0.000270	1310608	ok
query	run dag (printDagCograph, to /dev/null)		nodes	random8x3	300	297	872	1e18	0.000736	3981232	ok
query	run dag (printDagCograph, to /dev/null)		nodes	random8x3	1000	993	2960	1e59	0.002575	13259032	ok
query	run dag (printDagCograph, to /dev/null)		nodes	random8x3	3000	2993	8960	1e179	0.007549	40024016	ok
query	run dag (printDagCograph, to /dev/null)		nodes	random8x3	10000	9993	29960	1e596	0.026312	133693992	ok
query	run dag (printDagCograph, to /dev/null)		nodes	random8x3	30000	29993	89960	1e1789	0.079977	413425824	ok
query	run dag (printDagCograph, to /dev/null)		nodes	random8x3	100000	99993	299960	1e5964	0.299933	1380697672	ok
query	run dag (printDagCograph, to /dev/null)		nodes	random8x3	100000	99993	299960	1e5964	0.000000	0	stop:cap
serve	loop	record a declaration (expand, fold, ledger)	occurrences	random8x3	24	17	32	33	0.000165	262520	ok
serve	loop	before the first pass (rewrite, worldDag)	occurrences	random8x3	24	17	32	33	0.000007	6936	ok
serve	loop	first pass, every node up	occurrences	random8x3	24	17	32	33	0.000410	186672	ok
serve	loop	status	occurrences	random8x3	24	17	32	33	0.000064	102168	ok
serve	loop	before the idle pass	occurrences	random8x3	24	17	32	33	0.000004	8712	ok
serve	loop	idle pass, nothing pending	occurrences	random8x3	24	17	32	33	0.000009	15248	ok
serve	loop	clear	occurrences	random8x3	24	17	32	33	0.000002	2976	ok
serve	loop	before the teardown pass	occurrences	random8x3	24	17	32	33	0.000008	17432	ok
serve	loop	teardown pass, every node down	occurrences	random8x3	24	17	32	33	0.000158	190040	ok
serve	loop	record a declaration (expand, fold, ledger)	occurrences	random8x3	32	25	56	105	0.000276	696600	ok
serve	loop	before the first pass (rewrite, worldDag)	occurrences	random8x3	32	25	56	105	0.000004	9432	ok
serve	loop	first pass, every node up	occurrences	random8x3	32	25	56	105	0.000190	332568	ok
serve	loop	status	occurrences	random8x3	32	25	56	105	0.000116	236000	ok
serve	loop	before the idle pass	occurrences	random8x3	32	25	56	105	0.000004	10440	ok
serve	loop	idle pass, nothing pending	occurrences	random8x3	32	25	56	105	0.000012	21016	ok
serve	loop	clear	occurrences	random8x3	32	25	56	105	0.000001	2784	ok
serve	loop	before the teardown pass	occurrences	random8x3	32	25	56	105	0.000009	24160	ok
serve	loop	teardown pass, every node down	occurrences	random8x3	32	25	56	105	0.000176	323104	ok
serve	loop	record a declaration (expand, fold, ledger)	occurrences	random8x3	48	41	104	969	0.003113	6268288	ok
serve	loop	before the first pass (rewrite, worldDag)	occurrences	random8x3	48	41	104	969	0.000066	19096	ok
serve	loop	first pass, every node up	occurrences	random8x3	48	41	104	969	0.000298	560208	ok
serve	loop	status	occurrences	random8x3	48	41	104	969	0.000336	699160	ok
serve	loop	before the idle pass	occurrences	random8x3	48	41	104	969	0.000005	14920	ok
serve	loop	idle pass, nothing pending	occurrences	random8x3	48	41	104	969	0.000019	32976	ok
serve	loop	clear	occurrences	random8x3	48	41	104	969	0.000001	2784	ok
serve	loop	before the teardown pass	occurrences	random8x3	48	41	104	969	0.000014	38040	ok
serve	loop	teardown pass, every node down	occurrences	random8x3	48	41	104	969	0.000305	573072	ok
serve	loop	record a declaration (expand, fold, ledger)	occurrences	random8x3	56	49	128	2913	0.005907	18118992	ok
serve	loop	before the first pass (rewrite, worldDag)	occurrences	random8x3	56	49	128	2913	0.000005	16920	ok
serve	loop	first pass, every node up	occurrences	random8x3	56	49	128	2913	0.000359	675784	ok
serve	loop	status	occurrences	random8x3	56	49	128	2913	0.000462	964144	ok
serve	loop	before the idle pass	occurrences	random8x3	56	49	128	2913	0.000006	17160	ok
serve	loop	idle pass, nothing pending	occurrences	random8x3	56	49	128	2913	0.000023	39064	ok
serve	loop	clear	occurrences	random8x3	56	49	128	2913	0.000001	2784	ok
serve	loop	before the teardown pass	occurrences	random8x3	56	49	128	2913	0.000017	45088	ok
serve	loop	teardown pass, every node down	occurrences	random8x3	56	49	128	2913	0.000371	653024	ok
serve	loop	record a declaration (expand, fold, ledger)	occurrences	random8x3	64	57	152	8745	0.020312	54880360	ok
serve	loop	before the first pass (rewrite, worldDag)	occurrences	random8x3	64	57	152	8745	0.000005	19416	ok
serve	loop	first pass, every node up	occurrences	random8x3	64	57	152	8745	0.000517	788672	ok
serve	loop	status	occurrences	random8x3	64	57	152	8745	0.000645	1246904	ok
serve	loop	before the idle pass	occurrences	random8x3	64	57	152	8745	0.000007	19400	ok
serve	loop	idle pass, nothing pending	occurrences	random8x3	64	57	152	8745	0.000027	46192	ok
serve	loop	clear	occurrences	random8x3	64	57	152	8745	0.000001	2784	ok
serve	loop	before the teardown pass	occurrences	random8x3	64	57	152	8745	0.000020	53176	ok
serve	loop	teardown pass, every node down	occurrences	random8x3	64	57	152	8745	0.000600	880640	ok
serve	loop	record a declaration (expand, fold, ledger)	occurrences	random8x3	72	65	176	26241	0.064777	169038680	ok
serve	loop	before the first pass (rewrite, worldDag)	occurrences	random8x3	72	65	176	26241	0.000007	21912	ok
serve	loop	first pass, every node up	occurrences	random8x3	72	65	176	26241	0.000972	1024880	ok
serve	loop	status	occurrences	random8x3	72	65	176	26241	0.000802	1545800	ok
serve	loop	before the idle pass	occurrences	random8x3	72	65	176	26241	0.000007	21640	ok
serve	loop	idle pass, nothing pending	occurrences	random8x3	72	65	176	26241	0.000031	51464	ok
serve	loop	clear	occurrences	random8x3	72	65	176	26241	0.000002	2784	ok
serve	loop	before the teardown pass	occurrences	random8x3	72	65	176	26241	0.000023	59408	ok
serve	loop	teardown pass, every node down	occurrences	random8x3	72	65	176	26241	0.000607	921264	ok
serve	loop	record a declaration (expand, fold, ledger)	occurrences	random8x3	80	73	200	78729	0.212878	512103912	ok
serve	loop	before the first pass (rewrite, worldDag)	occurrences	random8x3	80	73	200	78729	0.000009	24408	ok
serve	loop	first pass, every node up	occurrences	random8x3	80	73	200	78729	0.001096	1564168	ok
serve	loop	status	occurrences	random8x3	80	73	200	78729	0.001111	1863064	ok
serve	loop	before the idle pass	occurrences	random8x3	80	73	200	78729	0.000009	23880	ok
serve	loop	idle pass, nothing pending	occurrences	random8x3	80	73	200	78729	0.000038	57760	ok
serve	loop	clear	occurrences	random8x3	80	73	200	78729	0.000003	2784	ok
serve	loop	before the teardown pass	occurrences	random8x3	80	73	200	78729	0.000030	70688	ok
serve	loop	teardown pass, every node down	occurrences	random8x3	80	73	200	78729	0.001122	1415392	ok
serve	loop	record a declaration (expand, fold, ledger)	occurrences	random8x3	88	81	224	236193	0.717353	1511790456	ok
serve	loop	before the first pass (rewrite, worldDag)	occurrences	random8x3	88	81	224	236193	0.000010	26904	ok
serve	loop	first pass, every node up	occurrences	random8x3	88	81	224	236193	0.001278	1816176	ok
serve	loop	status	occurrences	random8x3	88	81	224	236193	0.001507	2198096	ok
serve	loop	before the idle pass	occurrences	random8x3	88	81	224	236193	0.000011	26120	ok
serve	loop	idle pass, nothing pending	occurrences	random8x3	88	81	224	236193	0.000050	63136	ok
serve	loop	clear	occurrences	random8x3	88	81	224	236193	0.000002	6808	ok
serve	loop	before the teardown pass	occurrences	random8x3	88	81	224	236193	0.000043	73000	ok
serve	loop	teardown pass, every node down	occurrences	random8x3	88	81	224	236193	0.001317	1616240	ok
serve	loop	record a declaration (expand, fold, ledger)	occurrences	random8x3	96	89	248	708585	2.207934	4491703512	ok
serve	loop	before the first pass (rewrite, worldDag)	occurrences	random8x3	96	89	248	708585	0.000010	29400	ok
serve	loop	first pass, every node up	occurrences	random8x3	96	89	248	708585	0.001707	2194032	ok
serve	loop	status	occurrences	random8x3	96	89	248	708585	0.001492	2546720	ok
serve	loop	before the idle pass	occurrences	random8x3	96	89	248	708585	0.000009	28360	ok
serve	loop	idle pass, nothing pending	occurrences	random8x3	96	89	248	708585	0.000044	73432	ok
serve	loop	clear	occurrences	random8x3	96	89	248	708585	0.000002	2784	ok
serve	loop	before the teardown pass	occurrences	random8x3	96	89	248	708585	0.000036	80232	ok
serve	loop	teardown pass, every node down	occurrences	random8x3	96	89	248	708585	0.001138	1252224	ok
serve	loop		occurrences	random8x3	96	89	248	708585	0.000000	0	stop:budget
render	GET /dag (dagValue + encode)		nodes	random8x3	100	97	272	2125761	0.000796	3562232	ok
render	GET /dag (dagValue + encode)		nodes	random8x3	300	297	872	1e18	0.003352	11304472	ok
render	GET /dag (dagValue + encode)		nodes	random8x3	1000	993	2960	1e59	0.011871	39987016	ok
render	GET /dag (dagValue + encode)		nodes	random8x3	3000	2993	8960	1e179	0.053790	138516320	ok
render	GET /dag (dagValue + encode)		nodes	random8x3	10000	9993	29960	1e596	0.350480	682158944	ok
render	GET /dag (dagValue + encode)		nodes	random8x3	30000	29993	89960	1e1789	0.000000	0	stop:inputs
render	GET /status (status report + encode)		nodes	random8x3	100	97	272	2125761	0.000336	1395272	ok
render	GET /status (status report + encode)		nodes	random8x3	300	297	872	1e18	0.001048	4432944	ok
render	GET /status (status report + encode)		nodes	random8x3	1000	993	2960	1e59	0.004779	16700976	ok
render	GET /status (status report + encode)		nodes	random8x3	3000	2993	8960	1e179	0.029847	68165400	ok
render	GET /status (status report + encode)		nodes	random8x3	10000	9993	29960	1e596	0.000000	0	stop:inputs
render	status sink document (encode)		nodes	random8x3	100	97	272	2125761	0.000337	1409528	ok
render	status sink document (encode)		nodes	random8x3	300	297	872	1e18	0.001385	4446904	ok
render	status sink document (encode)		nodes	random8x3	1000	993	2960	1e59	0.006616	16717984	ok
render	status sink document (encode)		nodes	random8x3	3000	2993	8960	1e179	0.030538	68177656	ok
render	status sink document (encode)		nodes	random8x3	10000	9993	29960	1e596	0.000000	0	stop:inputs
client	Model.fromDag		nodes	random8x3	100	97	272	2125761	0.000119	379496	ok
client	Model.fromDag		nodes	random8x3	300	297	872	1e18	0.000331	1227000	ok
client	Model.fromDag		nodes	random8x3	1000	993	2960	1e59	0.001446	4238520	ok
client	Model.fromDag		nodes	random8x3	3000	2993	8960	1e179	0.007379	13147400	ok
client	Model.fromDag		nodes	random8x3	10000	9993	29960	1e596	0.036672	44828216	ok
client	Model.fromDag		nodes	random8x3	30000	29993	89960	1e1789	0.000000	0	stop:inputs
client	Model.step, one done event per node		nodes	random8x3	100	97	272	2125761	0.000042	106640	ok
client	Model.step, one done event per node		nodes	random8x3	300	297	872	1e18	0.000143	346792	ok
client	Model.step, one done event per node		nodes	random8x3	1000	993	2960	1e59	0.000627	1241032	ok
client	Model.step, one done event per node		nodes	random8x3	3000	2993	8960	1e179	0.002776	3980456	ok
client	Model.step, one done event per node		nodes	random8x3	10000	9993	29960	1e596	0.000000	0	stop:inputs
client	Model.step, a teardown: one done event per node wanted down		nodes	random8x3	100	97	272	2125761	0.000151	354568	ok
client	Model.step, a teardown: one done event per node wanted down		nodes	random8x3	300	297	872	1e18	0.000851	2769088	ok
client	Model.step, a teardown: one done event per node wanted down		nodes	random8x3	1000	993	2960	1e59	0.008032	28693184	ok
client	Model.step, a teardown: one done event per node wanted down		nodes	random8x3	3000	2993	8960	1e179	0.097675	353349152	ok
client	Model.step, a teardown: one done event per node wanted down		nodes	random8x3	10000	9993	29960	1e596	1.569081	4301569712	ok
client	Model.step, a teardown: one done event per node wanted down		nodes	random8x3	30000	29993	89960	1e1789	0.000000	0	stop:inputs
fold	expand (evalDeps, every occurrence visited)		occurrences	dense32	64	33	32	33	0.000012	40424	ok
fold	expand (evalDeps, every occurrence visited)		occurrences	dense32	96	65	1056	1057	0.000163	1321080	ok
fold	expand (evalDeps, every occurrence visited)		occurrences	dense32	128	97	2080	33825	0.004658	42297512	ok
fold	expand (evalDeps, every occurrence visited)		occurrences	dense32	160	129	3104	1082401	0.178812	1353542672	ok
fold	expand (evalDeps, every occurrence visited)		occurrences	dense32	160	129	3104	1082401	0.000000	0	stop:cap
fold	expand + foldDag		occurrences	dense32	64	33	32	33	0.000099	222288	ok
fold	expand + foldDag		occurrences	dense32	96	65	1056	1057	0.004052	8657080	ok
fold	expand + foldDag		occurrences	dense32	128	97	2080	33825	0.081846	230899488	ok
fold	expand + foldDag		occurrences	dense32	160	129	3104	1082401	2.815850	7519270624	ok
fold	expand + foldDag		occurrences	dense32	160	129	3104	1082401	0.000000	0	stop:budget
fold	dagOf (the fixture's per-node build, for comparison)		nodes	dense32	100	97	2080	33825	0.002502	8656008	ok
fold	dagOf (the fixture's per-node build, for comparison)		nodes	dense32	300	289	8224	36319351833633	0.011435	34880128	ok
fold	dagOf (the fixture's per-node build, for comparison)		nodes	dense32	1000	993	30752	1e46	0.053685	133281088	ok
fold	dagOf (the fixture's per-node build, for comparison)		nodes	dense32	3000	2977	94240	1e139	0.208437	416748440	ok
fold	dagOf (the fixture's per-node build, for comparison)		nodes	dense32	10000	9985	318496	1e469	0.803431	1439269264	ok
fold	dagOf (the fixture's per-node build, for comparison)		nodes	dense32	30000	29985	958496	1e1410	2.639584	4417516088	ok
fold	dagOf (the fixture's per-node build, for comparison)		nodes	dense32	30000	29985	958496	1e1410	0.000000	0	stop:budget
dag	fromMagma		nodes	dense32	100	97	2080	33825	0.002522	8138592	ok
dag	fromMagma		nodes	dense32	300	289	8224	36319351833633	0.013696	35132928	ok
dag	fromMagma		nodes	dense32	1000	993	30752	1e46	0.079871	143159616	ok
dag	fromMagma		nodes	dense32	3000	2977	94240	1e139	0.326863	468230400	ok
dag	fromMagma		nodes	dense32	10000	9985	318496	1e469	1.474133	1698581136	ok
dag	fromMagma		nodes	dense32	30000	29985	958496	1e1410	6.211345	5428436112	ok
dag	fromMagma		nodes	dense32	30000	29985	958496	1e1410	0.000000	0	stop:budget
dag	mergeDag into an empty Dag		nodes	dense32	100	97	2080	33825	0.002342	5597848	ok
dag	mergeDag into an empty Dag		nodes	dense32	300	289	8224	36319351833633	0.010360	24035080	ok
dag	mergeDag into an empty Dag		nodes	dense32	1000	993	30752	1e46	0.042881	97828504	ok
dag	mergeDag into an empty Dag		nodes	dense32	3000	2977	94240	1e139	0.144468	321640312	ok
dag	mergeDag into an empty Dag		nodes	dense32	10000	9985	318496	1e469	0.558788	1171331080	ok
dag	mergeDag into an empty Dag		nodes	dense32	30000	29985	958496	1e1410	2.046602	3757019272	ok
dag	mergeDag into an empty Dag		nodes	dense32	30000	29985	958496	1e1410	0.000000	0	stop:budget
dag	mergeDag onto itself		nodes	dense32	100	97	2080	33825	0.001442	1908784	ok
dag	mergeDag onto itself		nodes	dense32	300	289	8224	36319351833633	0.006669	9485280	ok
dag	mergeDag onto itself		nodes	dense32	1000	993	30752	1e46	0.029991	43639168	ok
dag	mergeDag onto itself		nodes	dense32	3000	2977	94240	1e139	0.109160	156456112	ok
dag	mergeDag onto itself		nodes	dense32	10000	9985	318496	1e469	0.517568	617710152	ok
dag	mergeDag onto itself		nodes	dense32	30000	29985	958496	1e1410	1.872567	2093248336	ok
dag	mergeDag onto itself		nodes	dense32	100000	99969	3197984	1e4702	0.000000	0	stop:timeout
dag	dagEdges		nodes	dense32	100	97	2080	33825	0.000503	1202584	ok
dag	dagEdges		nodes	dense32	300	289	8224	36319351833633	0.003140	5464872	ok
dag	dagEdges		nodes	dense32	1000	993	30752	1e46	0.016718	23022368	ok
dag	dagEdges		nodes	dense32	3000	2977	94240	1e139	0.079755	76542504	ok
dag	dagEdges		nodes	dense32	10000	9985	318496	1e469	0.595951	281064496	ok
dag	dagEdges		nodes	dense32	30000	29985	958496	1e1410	2.380459	909722856	ok
dag	dagEdges		nodes	dense32	30000	29985	958496	1e1410	0.000000	0	stop:budget
dag	roots + leaves		nodes	dense32	100	97	2080	33825	0.000015	7672	ok
dag	roots + leaves		nodes	dense32	300	289	8224	36319351833633	0.000062	16888	ok
dag	roots + leaves		nodes	dense32	1000	993	30752	1e46	0.000276	50680	ok
dag	roots + leaves		nodes	dense32	3000	2977	94240	1e139	0.001091	145912	ok
dag	roots + leaves		nodes	dense32	10000	9985	318496	1e469	0.005337	482296	ok
dag	roots + leaves		nodes	dense32	30000	29985	958496	1e1410	0.022075	1442296	ok
dag	roots + leaves		nodes	dense32	100000	99969	3197984	1e4702	0.124585	4805344	ok
dag	roots + leaves		nodes	dense32	100000	99969	3197984	1e4702	0.000000	0	stop:cap
dag	stuck (waiting on dependencies)		nodes	dense32	100	97	2080	33825	0.000141	45568	ok
dag	stuck (waiting on dependencies)		nodes	dense32	300	289	8224	36319351833633	0.000879	207888	ok
dag	stuck (waiting on dependencies)		nodes	dense32	1000	993	30752	1e46	0.006355	1014208	ok
dag	stuck (waiting on dependencies)		nodes	dense32	3000	2977	94240	1e139	0.051160	3874704	ok
dag	stuck (waiting on dependencies)		nodes	dense32	10000	9985	318496	1e469	0.666265	15880408	ok
dag	stuck (waiting on dependencies)		nodes	dense32	30000	29985	958496	1e1410	10.325674	55586088	ok
dag	stuck (waiting on dependencies)		nodes	dense32	30000	29985	958496	1e1410	0.000000	0	stop:budget
dag	stuck (waiting on dependants)		nodes	dense32	100	97	2080	33825	0.000206	51528	ok
dag	stuck (waiting on dependants)		nodes	dense32	300	289	8224	36319351833633	0.001179	216528	ok
dag	stuck (waiting on dependants)		nodes	dense32	1000	993	30752	1e46	0.009370	1036088	ok
dag	stuck (waiting on dependants)		nodes	dense32	3000	2977	94240	1e139	0.063702	3950224	ok
dag	stuck (waiting on dependants)		nodes	dense32	10000	9985	318496	1e469	0.632035	16124328	ok
dag	stuck (waiting on dependants)		nodes	dense32	30000	29985	958496	1e1410	8.873370	56393808	ok
dag	stuck (waiting on dependants)		nodes	dense32	30000	29985	958496	1e1410	0.000000	0	stop:budget
walk	upDag (sequential)		nodes	dense32	100	97	2080	33825	0.000467	964624	ok
walk	upDag (sequential)		nodes	dense32	300	289	8224	36319351833633	0.002368	4307448	ok
walk	upDag (sequential)		nodes	dense32	1000	993	30752	1e46	0.011539	18602936	ok
walk	upDag (sequential)		nodes	dense32	3000	2977	94240	1e139	0.047186	65003080	ok
walk	upDag (sequential)		nodes	dense32	10000	9985	318496	1e469	0.208314	248165896	ok
walk	upDag (sequential)		nodes	dense32	30000	29985	958496	1e1410	0.790748	828270952	ok
walk	upDag (sequential)		nodes	dense32	100000	99969	3197984	1e4702	0.000000	0	stop:timeout
walk	downDag (sequential)		nodes	dense32	100	97	2080	33825	0.000600	884392	ok
walk	downDag (sequential)		nodes	dense32	300	289	8224	36319351833633	0.002984	4128056	ok
walk	downDag (sequential)		nodes	dense32	1000	993	30752	1e46	0.015394	18279248	ok
walk	downDag (sequential)		nodes	dense32	3000	2977	94240	1e139	0.060000	64278320	ok
walk	downDag (sequential)		nodes	dense32	10000	9985	318496	1e469	0.280695	246146928	ok
walk	downDag (sequential)		nodes	dense32	30000	29985	958496	1e1410	1.302308	822278416	ok
walk	downDag (sequential)		nodes	dense32	100000	99969	3197984	1e4702	0.000000	0	stop:timeout
walk	upDagConcurrent		nodes	dense32	100	97	2080	33825	0.003544	4161256	ok
walk	upDagConcurrent		nodes	dense32	300	289	8224	36319351833633	0.007695	12818752	ok
walk	upDagConcurrent		nodes	dense32	1000	993	30752	1e46	0.042394	48976376	ok
walk	upDagConcurrent		nodes	dense32	3000	2977	94240	1e139	0.199106	152508248	ok
walk	upDagConcurrent		nodes	dense32	10000	9985	318496	1e469	1.519994	514623432	ok
walk	upDagConcurrent		nodes	dense32	30000	29985	958496	1e1410	13.921091	1556558616	ok
walk	upDagConcurrent		nodes	dense32	30000	29985	958496	1e1410	0.000000	0	stop:budget
walk	downDagConcurrent		nodes	dense32	100	97	2080	33825	0.007313	6678048	ok
walk	downDagConcurrent		nodes	dense32	300	289	8224	36319351833633	0.012052	15945856	ok
walk	downDagConcurrent		nodes	dense32	1000	993	30752	1e46	0.042821	50084832	ok
walk	downDagConcurrent		nodes	dense32	3000	2977	94240	1e139	0.196120	147240352	ok
walk	downDagConcurrent		nodes	dense32	10000	9985	318496	1e469	1.601423	493088128	ok
walk	downDagConcurrent		nodes	dense32	30000	29985	958496	1e1410	0.000000	0	stop:timeout
upkeep	tend nodes already up (settled)	startUpkeep	nodes	dense32	100	97	2080	33825	0.002528	1088768	ok
upkeep	tend nodes already up (settled)	until every machine is stable	nodes	dense32	100	97	2080	33825	0.000012	21880	ok
upkeep	tend nodes already up (settled)	stopUpkeep	nodes	dense32	100	97	2080	33825	0.000135	42072	ok
upkeep	tend nodes already up (settled)	startUpkeep	nodes	dense32	300	289	8224	36319351833633	0.008854	6840080	ok
upkeep	tend nodes already up (settled)	until every machine is stable	nodes	dense32	300	289	8224	36319351833633	0.000039	61816	ok
upkeep	tend nodes already up (settled)	stopUpkeep	nodes	dense32	300	289	8224	36319351833633	0.000278	121656	ok
upkeep	tend nodes already up (settled)	startUpkeep	nodes	dense32	1000	993	30752	1e46	0.045514	32828624	ok
upkeep	tend nodes already up (settled)	until every machine is stable	nodes	dense32	1000	993	30752	1e46	0.000181	208248	ok
upkeep	tend nodes already up (settled)	stopUpkeep	nodes	dense32	1000	993	30752	1e46	0.000897	413208	ok
upkeep	tend nodes already up (settled)	startUpkeep	nodes	dense32	3000	2977	94240	1e139	0.221427	117938016	ok
upkeep	tend nodes already up (settled)	until every machine is stable	nodes	dense32	3000	2977	94240	1e139	0.000590	620920	ok
upkeep	tend nodes already up (settled)	stopUpkeep	nodes	dense32	3000	2977	94240	1e139	0.002939	1235896	ok
upkeep	tend nodes already up (settled)	startUpkeep	nodes	dense32	10000	9985	318496	1e469	1.696596	411861800	ok
upkeep	tend nodes already up (settled)	until every machine is stable	nodes	dense32	10000	9985	318496	1e469	0.002215	2078584	ok
upkeep	tend nodes already up (settled)	stopUpkeep	nodes	dense32	10000	9985	318496	1e469	0.012281	4142488	ok
upkeep	tend nodes already up (settled)		nodes	dense32	30000	29985	958496	1e1410	0.000000	0	stop:timeout
upkeep	bring nodes up (unsettled)	startUpkeep	nodes	dense32	100	97	2080	33825	0.004785	3812928	ok
upkeep	bring nodes up (unsettled)	until every machine is stable	nodes	dense32	100	97	2080	33825	0.000057	29336	ok
upkeep	bring nodes up (unsettled)	stopUpkeep	nodes	dense32	100	97	2080	33825	0.000104	42072	ok
upkeep	bring nodes up (unsettled)	startUpkeep	nodes	dense32	300	289	8224	36319351833633	0.012873	14036568	ok
upkeep	bring nodes up (unsettled)	until every machine is stable	nodes	dense32	300	289	8224	36319351833633	0.000096	69296	ok
upkeep	bring nodes up (unsettled)	stopUpkeep	nodes	dense32	300	289	8224	36319351833633	0.000221	121656	ok
upkeep	bring nodes up (unsettled)	startUpkeep	nodes	dense32	1000	993	30752	1e46	0.063726	50829608	ok
upkeep	bring nodes up (unsettled)	until every machine is stable	nodes	dense32	1000	993	30752	1e46	0.000292	215840	ok
upkeep	bring nodes up (unsettled)	stopUpkeep	nodes	dense32	1000	993	30752	1e46	0.000953	413208	ok
upkeep	bring nodes up (unsettled)	startUpkeep	nodes	dense32	3000	2977	94240	1e139	0.306379	163495584	ok
upkeep	bring nodes up (unsettled)	until every machine is stable	nodes	dense32	3000	2977	94240	1e139	0.488564	176644360	ok
upkeep	bring nodes up (unsettled)	stopUpkeep	nodes	dense32	3000	2977	94240	1e139	0.003309	1235896	ok
upkeep	bring nodes up (unsettled)	startUpkeep	nodes	dense32	10000	9985	318496	1e469	1.992555	528659176	ok
upkeep	bring nodes up (unsettled)	until every machine is stable	nodes	dense32	10000	9985	318496	1e469	9.296158	1748344056	ok
upkeep	bring nodes up (unsettled)	stopUpkeep	nodes	dense32	10000	9985	318496	1e469	0.010828	4147080	ok
upkeep	bring nodes up (unsettled)		nodes	dense32	10000	9985	318496	1e469	0.000000	0	stop:budget
upkeep	managed nodes: hold, hand over, adopt	startUpkeep	nodes	dense32	100	97	2080	33825	0.008786	6614056	ok
upkeep	managed nodes: hold, hand over, adopt	until every machine is stable	nodes	dense32	100	97	2080	33825	0.013241	10493432	ok
upkeep	managed nodes: hold, hand over, adopt	stopUpkeep (machines kept)	nodes	dense32	100	97	2080	33825	0.000219	126472	ok
upkeep	managed nodes: hold, hand over, adopt	startUpkeep (adopting)	nodes	dense32	100	97	2080	33825	0.000377	271072	ok
upkeep	managed nodes: hold, hand over, adopt	stopUpkeep + releaseKept	nodes	dense32	100	97	2080	33825	0.001565	368552	ok
upkeep	managed nodes: hold, hand over, adopt	startUpkeep	nodes	dense32	300	289	8224	36319351833633	0.021744	18946704	ok
upkeep	managed nodes: hold, hand over, adopt	until every machine is stable	nodes	dense32	300	289	8224	36319351833633	0.074718	44245552	ok
upkeep	managed nodes: hold, hand over, adopt	stopUpkeep (machines kept)	nodes	dense32	300	289	8224	36319351833633	0.000227	281280	ok
upkeep	managed nodes: hold, hand over, adopt	startUpkeep (adopting)	nodes	dense32	300	289	8224	36319351833633	0.001633	824584	ok
upkeep	managed nodes: hold, hand over, adopt	stopUpkeep + releaseKept	nodes	dense32	300	289	8224	36319351833633	0.005858	1178152	ok
upkeep	managed nodes: hold, hand over, adopt	startUpkeep	nodes	dense32	1000	993	30752	1e46	0.084420	57175200	ok
upkeep	managed nodes: hold, hand over, adopt	until every machine is stable	nodes	dense32	1000	993	30752	1e46	0.372485	171407928	ok
upkeep	managed nodes: hold, hand over, adopt	stopUpkeep (machines kept)	nodes	dense32	1000	993	30752	1e46	0.000844	840320	ok
upkeep	managed nodes: hold, hand over, adopt	startUpkeep (adopting)	nodes	dense32	1000	993	30752	1e46	0.012715	3295280	ok
upkeep	managed nodes: hold, hand over, adopt	stopUpkeep + releaseKept	nodes	dense32	1000	993	30752	1e46	0.026344	17494032	ok
upkeep	managed nodes: hold, hand over, adopt	startUpkeep	nodes	dense32	3000	2977	94240	1e139	0.312660	162994680	ok
upkeep	managed nodes: hold, hand over, adopt	until every machine is stable	nodes	dense32	3000	2977	94240	1e139	1.789325	540914800	ok
upkeep	managed nodes: hold, hand over, adopt	stopUpkeep (machines kept)	nodes	dense32	3000	2977	94240	1e139	0.002542	2465400	ok
upkeep	managed nodes: hold, hand over, adopt	startUpkeep (adopting)	nodes	dense32	3000	2977	94240	1e139	0.102149	11278272	ok
upkeep	managed nodes: hold, hand over, adopt	stopUpkeep + releaseKept	nodes	dense32	3000	2977	94240	1e139	0.112370	71758168	ok
upkeep	managed nodes: hold, hand over, adopt	startUpkeep	nodes	dense32	10000	9985	318496	1e469	2.250861	529704560	ok
upkeep	managed nodes: hold, hand over, adopt	until every machine is stable	nodes	dense32	10000	9985	318496	1e469	12.329794	1881550928	ok
upkeep	managed nodes: hold, hand over, adopt	stopUpkeep (machines kept)	nodes	dense32	10000	9985	318496	1e469	0.009065	8025176	ok
upkeep	managed nodes: hold, hand over, adopt	startUpkeep (adopting)	nodes	dense32	10000	9985	318496	1e469	1.212798	41700032	ok
upkeep	managed nodes: hold, hand over, adopt	stopUpkeep + releaseKept	nodes	dense32	10000	9985	318496	1e469	0.476635	253549632	ok
upkeep	managed nodes: hold, hand over, adopt		nodes	dense32	10000	9985	318496	1e469	0.000000	0	stop:budget
rewrite	no phase registered (wholeGraph + rewrite)		nodes	dense32	100	97	2080	33825	0.000028	16704	ok
rewrite	no phase registered (wholeGraph + rewrite)		nodes	dense32	300	289	8224	36319351833633	0.000143	47424	ok
rewrite	no phase registered (wholeGraph + rewrite)		nodes	dense32	1000	993	30752	1e46	0.000590	160064	ok
rewrite	no phase registered (wholeGraph + rewrite)		nodes	dense32	3000	2977	94240	1e139	0.002571	477504	ok
rewrite	no phase registered (wholeGraph + rewrite)		nodes	dense32	10000	9985	318496	1e469	0.009606	1598784	ok
rewrite	no phase registered (wholeGraph + rewrite)		nodes	dense32	30000	29985	958496	1e1410	0.029249	4798784	ok
rewrite	no phase registered (wholeGraph + rewrite)		nodes	dense32	100000	99969	3197984	1e4702	0.415247	15997048	ok
rewrite	no phase registered (wholeGraph + rewrite)		nodes	dense32	100000	99969	3197984	1e4702	0.000000	0	stop:cap
rewrite	one batch of a tenth of the nodes		nodes	dense32	100	97	2080	33825	0.001291	3143944	ok
rewrite	one batch of a tenth of the nodes		nodes	dense32	300	289	8224	36319351833633	0.006905	14042424	ok
rewrite	one batch of a tenth of the nodes		nodes	dense32	1000	993	30752	1e46	0.040262	70086256	ok
rewrite	one batch of a tenth of the nodes		nodes	dense32	3000	2977	94240	1e139	0.206880	429534912	ok
rewrite	one batch of a tenth of the nodes		nodes	dense32	10000	9985	318496	1e469	1.561305	3982944128	ok
rewrite	one batch of a tenth of the nodes		nodes	dense32	30000	29985	958496	1e1410	12.233315	33702278368	ok
rewrite	one batch of a tenth of the nodes		nodes	dense32	30000	29985	958496	1e1410	0.000000	0	stop:budget
rewrite	sixteen batches of a tenth of the nodes		nodes	dense32	100	97	2080	33825	0.010239	20924088	ok
rewrite	sixteen batches of a tenth of the nodes		nodes	dense32	300	289	8224	36319351833633	0.090207	139110744	ok
rewrite	sixteen batches of a tenth of the nodes		nodes	dense32	1000	993	30752	1e46	0.461348	573664808	ok
rewrite	sixteen batches of a tenth of the nodes		nodes	dense32	3000	2977	94240	1e139	1.751761	1961024272	ok
rewrite	sixteen batches of a tenth of the nodes		nodes	dense32	10000	9985	318496	1e469	8.771442	8489124368	ok
rewrite	sixteen batches of a tenth of the nodes		nodes	dense32	10000	9985	318496	1e469	0.000000	0	stop:budget
ledger	eight overlapping declarations	contribution (of one Dag)	nodes	dense32	100	97	2080	33825	0.000900	1206464	ok
ledger	eight overlapping declarations	desired	nodes	dense32	100	97	2080	33825	0.000039	18608	ok
ledger	eight overlapping declarations	precedenceOf	nodes	dense32	100	97	2080	33825	0.000628	438448	ok
ledger	eight overlapping declarations	knownRefs	nodes	dense32	100	97	2080	33825	0.000032	18608	ok
ledger	eight overlapping declarations	retractAll + collect, nothing standing	nodes	dense32	100	97	2080	33825	0.000011	1984	ok
ledger	eight overlapping declarations	contribution (of one Dag)	nodes	dense32	300	289	8224	36319351833633	0.005010	5476432	ok
ledger	eight overlapping declarations	desired	nodes	dense32	300	289	8224	36319351833633	0.000099	58048	ok
ledger	eight overlapping declarations	precedenceOf	nodes	dense32	300	289	8224	36319351833633	0.002080	1435248	ok
ledger	eight overlapping declarations	knownRefs	nodes	dense32	300	289	8224	36319351833633	0.000084	58048	ok
ledger	eight overlapping declarations	retractAll + collect, nothing standing	nodes	dense32	300	289	8224	36319351833633	0.000027	1984	ok
ledger	eight overlapping declarations	contribution (of one Dag)	nodes	dense32	1000	993	30752	1e46	0.023562	23058368	ok
ledger	eight overlapping declarations	desired	nodes	dense32	1000	993	30752	1e46	0.000269	177208	ok
ledger	eight overlapping declarations	precedenceOf	nodes	dense32	1000	993	30752	1e46	0.008436	5382648	ok
ledger	eight overlapping declarations	knownRefs	nodes	dense32	1000	993	30752	1e46	0.000272	177208	ok
ledger	eight overlapping declarations	retractAll + collect, nothing standing	nodes	dense32	1000	993	30752	1e46	0.000082	1984	ok
ledger	eight overlapping declarations	contribution (of one Dag)	nodes	dense32	3000	2977	94240	1e139	0.101628	76661584	ok
ledger	eight overlapping declarations	desired	nodes	dense32	3000	2977	94240	1e139	0.000902	533048	ok
ledger	eight overlapping declarations	precedenceOf	nodes	dense32	3000	2977	94240	1e139	0.035666	16861448	ok
ledger	eight overlapping declarations	knownRefs	nodes	dense32	3000	2977	94240	1e139	0.000934	533048	ok
ledger	eight overlapping declarations	retractAll + collect, nothing standing	nodes	dense32	3000	2977	94240	1e139	0.000370	1984	ok
ledger	eight overlapping declarations	contribution (of one Dag)	nodes	dense32	10000	9985	318496	1e469	0.614096	281463896	ok
ledger	eight overlapping declarations	desired	nodes	dense32	10000	9985	318496	1e469	0.003425	1807368	ok
ledger	eight overlapping declarations	precedenceOf	nodes	dense32	10000	9985	318496	1e469	0.144183	56480848	ok
ledger	eight overlapping declarations	knownRefs	nodes	dense32	10000	9985	318496	1e469	0.003253	1807368	ok
ledger	eight overlapping declarations	retractAll + collect, nothing standing	nodes	dense32	10000	9985	318496	1e469	0.000879	1984	ok
ledger	eight overlapping declarations	contribution (of one Dag)	nodes	dense32	30000	29985	958496	1e1410	3.105692	910922256	ok
ledger	eight overlapping declarations	desired	nodes	dense32	30000	29985	958496	1e1410	0.013537	5404472	ok
ledger	eight overlapping declarations	precedenceOf	nodes	dense32	30000	29985	958496	1e1410	0.483512	171275368	ok
ledger	eight overlapping declarations	knownRefs	nodes	dense32	30000	29985	958496	1e1410	0.011562	5399928	ok
ledger	eight overlapping declarations	retractAll + collect, nothing standing	nodes	dense32	30000	29985	958496	1e1410	0.002953	1984	ok
ledger	eight overlapping declarations		nodes	dense32	30000	29985	958496	1e1410	0.000000	0	stop:budget
query	outline		nodes	dense32	100	97	2080	33825	0.036928	126873264	ok
query	outline		nodes	dense32	300	289	8224	36319351833633	0.262143	860752832	ok
query	outline		nodes	dense32	1000	993	30752	1e46	1.141850	3549223456	ok
query	outline		nodes	dense32	3000	2977	94240	1e139	4.018108	11130559752	ok
query	outline		nodes	dense32	3000	2977	94240	1e139	0.000000	0	stop:budget
query	paths per node (outline + outlinePaths, as worldPaths)		nodes	dense32	100	97	2080	33825	0.044992	134327816	ok
query	paths per node (outline + outlinePaths, as worldPaths)		nodes	dense32	300	289	8224	36319351833633	0.338100	916559240	ok
query	paths per node (outline + outlinePaths, as worldPaths)		nodes	dense32	1000	993	30752	1e46	1.688280	3932557080	ok
query	paths per node (outline + outlinePaths, as worldPaths)		nodes	dense32	3000	2977	94240	1e139	9.006868	13693556064	ok
query	paths per node (outline + outlinePaths, as worldPaths)		nodes	dense32	3000	2977	94240	1e139	0.000000	0	stop:budget
query	resolveSelectors (select **, exclude **/n1/**)		nodes	dense32	100	97	2080	33825	0.035980	128157760	ok
query	resolveSelectors (select **, exclude **/n1/**)		nodes	dense32	300	289	8224	36319351833633	0.253021	866205872	ok
query	resolveSelectors (select **, exclude **/n1/**)		nodes	dense32	1000	993	30752	1e46	1.160373	3570233944	ok
query	resolveSelectors (select **, exclude **/n1/**)		nodes	dense32	3000	2977	94240	1e139	3.915842	11196262328	ok
query	resolveSelectors (select **, exclude **/n1/**)		nodes	dense32	3000	2977	94240	1e139	0.000000	0	stop:budget
query	query show --dedupe (renderAnnotated)		nodes	dense32	100	97	2080	33825	0.034149	127070848	ok
query	query show --dedupe (renderAnnotated)		nodes	dense32	300	289	8224	36319351833633	0.241894	861677480	ok
query	query show --dedupe (renderAnnotated)		nodes	dense32	1000	993	30752	1e46	1.082596	3556399080	ok
query	query show --dedupe (renderAnnotated)		nodes	dense32	3000	2977	94240	1e139	3.819350	11185183592	ok
query	query show --dedupe (renderAnnotated)		nodes	dense32	3000	2977	94240	1e139	0.000000	0	stop:budget
query	query show, every path (renderAnnotated)		occurrences	dense32	64	33	32	33	0.000052	193552	ok
query	query show, every path (renderAnnotated)		occurrences	dense32	96	65	1056	1057	0.002046	7041552	ok
query	query show, every path (renderAnnotated)		occurrences	dense32	128	97	2080	33825	0.122876	250740864	ok
query	query show, every path (renderAnnotated)		occurrences	dense32	160	129	3104	1082401	4.947539	8903076096	ok
query	query show, every path (renderAnnotated)		occurrences	dense32	160	129	3104	1082401	0.000000	0	stop:budget
query	query plan (expand, fold, resolve, encode)		occurrences	dense32	64	33	32	33	0.000134	302304	ok
query	query plan (expand, fold, resolve, encode)		occurrences	dense32	96	65	1056	1057	0.004625	9717272	ok
query	query plan (expand, fold, resolve, encode)		occurrences	dense32	128	97	2080	33825	0.145598	238318656	ok
query	query plan (expand, fold, resolve, encode)		occurrences	dense32	160	129	3104	1082401	4.482590	7533093720	ok
query	query plan (expand, fold, resolve, encode)		occurrences	dense32	160	129	3104	1082401	0.000000	0	stop:budget
query	run tree (dagLines)		nodes	dense32	100	97	2080	33825	0.000258	382056	ok
query	run tree (dagLines)		nodes	dense32	300	289	8224	36319351833633	0.001242	1508624	ok
query	run tree (dagLines)		nodes	dense32	1000	993	30752	1e46	0.006300	5642128	ok
query	run tree (dagLines)		nodes	dense32	3000	2977	94240	1e139	0.024230	17291032	ok
query	run tree (dagLines)		nodes	dense32	10000	9985	318496	1e469	0.105717	61669240	ok
query	run tree (dagLines)		nodes	dense32	30000	29985	958496	1e1410	0.401687	186459592	ok
query	run tree (dagLines)		nodes	dense32	100000	99969	3197984	1e4702	1.107138	623127224	ok
query	run tree (dagLines)		nodes	dense32	100000	99969	3197984	1e4702	0.000000	0	stop:cap
query	run dag (printDagCograph, to /dev/null)		nodes	dense32	100	97	2080	33825	0.001021	7385568	ok
query	run dag (printDagCograph, to /dev/null)		nodes	dense32	300	289	8224	36319351833633	0.003880	28663136	ok
query	run dag (printDagCograph, to /dev/null)		nodes	dense32	1000	993	30752	1e46	0.014798	106480784	ok
query	run dag (printDagCograph, to /dev/null)		nodes	dense32	3000	2977	94240	1e139	0.045319	325852808	ok
query	run dag (printDagCograph, to /dev/null)		nodes	dense32	10000	9985	318496	1e469	0.167270	1100870376	ok
query	run dag (printDagCograph, to /dev/null)		nodes	dense32	30000	29985	958496	1e1410	0.511151	3326254848	ok
query	run dag (printDagCograph, to /dev/null)		nodes	dense32	100000	99969	3197984	1e4702	1.486845	11099670816	ok
query	run dag (printDagCograph, to /dev/null)		nodes	dense32	100000	99969	3197984	1e4702	0.000000	0	stop:cap
serve	loop	record a declaration (expand, fold, ledger)	occurrences	dense32	64	33	32	33	0.000153	278984	ok
serve	loop	before the first pass (rewrite, worldDag)	occurrences	dense32	64	33	32	33	0.000005	11928	ok
serve	loop	first pass, every node up	occurrences	dense32	64	33	32	33	0.000348	441320	ok
serve	loop	status	occurrences	dense32	64	33	32	33	0.000062	118888	ok
serve	loop	before the idle pass	occurrences	dense32	64	33	32	33	0.000004	13192	ok
serve	loop	idle pass, nothing pending	occurrences	dense32	64	33	32	33	0.000013	26680	ok
serve	loop	clear	occurrences	dense32	64	33	32	33	0.000002	2976	ok
serve	loop	before the teardown pass	occurrences	dense32	64	33	32	33	0.000010	30784	ok
serve	loop	teardown pass, every node down	occurrences	dense32	64	33	32	33	0.000187	389960	ok
serve	loop	record a declaration (expand, fold, ledger)	occurrences	dense32	96	65	1056	1057	0.004452	9268792	ok
serve	loop	before the first pass (rewrite, worldDag)	occurrences	dense32	96	65	1056	1057	0.000006	21912	ok
serve	loop	first pass, every node up	occurrences	dense32	96	65	1056	1057	0.005991	7762672	ok
serve	loop	status	occurrences	dense32	96	65	1056	1057	0.001440	2072792	ok
serve	loop	before the idle pass	occurrences	dense32	96	65	1056	1057	0.000010	21640	ok
serve	loop	idle pass, nothing pending	occurrences	dense32	96	65	1056	1057	0.000049	52384	ok
serve	loop	clear	occurrences	dense32	96	65	1056	1057	0.000003	2784	ok
serve	loop	before the teardown pass	occurrences	dense32	96	65	1056	1057	0.000037	60328	ok
serve	loop	teardown pass, every node down	occurrences	dense32	96	65	1056	1057	0.004383	6750456	ok
serve	loop	record a declaration (expand, fold, ledger)	occurrences	dense32	128	97	2080	33825	0.098828	232130848	ok
serve	loop	before the first pass (rewrite, worldDag)	occurrences	dense32	128	97	2080	33825	0.000008	35920	ok
serve	loop	first pass, every node up	occurrences	dense32	128	97	2080	33825	0.004894	13558064	ok
serve	loop	status	occurrences	dense32	128	97	2080	33825	0.014395	14287064	ok
serve	loop	before the idle pass	occurrences	dense32	128	97	2080	33825	0.000012	30600	ok
serve	loop	idle pass, nothing pending	occurrences	dense32	128	97	2080	33825	0.000046	76720	ok
serve	loop	clear	occurrences	dense32	128	97	2080	33825	0.000002	2784	ok
serve	loop	before the teardown pass	occurrences	dense32	128	97	2080	33825	0.000036	88504	ok
serve	loop	teardown pass, every node down	occurrences	dense32	128	97	2080	33825	0.004287	12377168	ok
serve	loop	record a declaration (expand, fold, ledger)	occurrences	dense32	160	129	3104	1082401	3.147553	7521181880	ok
serve	loop	before the first pass (rewrite, worldDag)	occurrences	dense32	160	129	3104	1082401	0.000012	41880	ok
serve	loop	first pass, every node up	occurrences	dense32	160	129	3104	1082401	0.008437	20628672	ok
serve	loop	status	occurrences	dense32	160	129	3104	1082401	0.034453	27026200	ok
serve	loop	before the idle pass	occurrences	dense32	160	129	3104	1082401	0.000019	39560	ok
serve	loop	idle pass, nothing pending	occurrences	dense32	160	129	3104	1082401	0.000063	99832	ok
serve	loop	clear	occurrences	dense32	160	129	3104	1082401	0.000002	2784	ok
serve	loop	before the teardown pass	occurrences	dense32	160	129	3104	1082401	0.000046	115456	ok
serve	loop	teardown pass, every node down	occurrences	dense32	160	129	3104	1082401	0.008182	20794240	ok
serve	loop		occurrences	dense32	160	129	3104	1082401	0.000000	0	stop:budget
render	GET /dag (dagValue + encode)		nodes	dense32	100	97	2080	33825	0.003404	14288840	ok
render	GET /dag (dagValue + encode)		nodes	dense32	300	289	8224	36319351833633	0.011728	54911192	ok
render	GET /dag (dagValue + encode)		nodes	dense32	1000	993	30752	1e46	0.049954	204179376	ok
render	GET /dag (dagValue + encode)		nodes	dense32	3000	2977	94240	1e139	0.156744	628964320	ok
render	GET /dag (dagValue + encode)		nodes	dense32	10000	9985	318496	1e469	0.000000	0	stop:inputs
render	GET /status (status report + encode)		nodes	dense32	100	97	2080	33825	0.000365	1298424	ok
render	GET /status (status report + encode)		nodes	dense32	300	289	8224	36319351833633	0.000994	4125312	ok
render	GET /status (status report + encode)		nodes	dense32	1000	993	30752	1e46	0.004788	14812592	ok
render	GET /status (status report + encode)		nodes	dense32	3000	2977	94240	1e139	0.014416	48942808	ok
render	GET /status (status report + encode)		nodes	dense32	10000	9985	318496	1e469	0.000000	0	stop:inputs
render	status sink document (encode)		nodes	dense32	100	97	2080	33825	0.000316	1308312	ok
render	status sink document (encode)		nodes	dense32	300	289	8224	36319351833633	0.000792	4139520	ok
render	status sink document (encode)		nodes	dense32	1000	993	30752	1e46	0.004544	14830752	ok
render	status sink document (encode)		nodes	dense32	3000	2977	94240	1e139	0.013697	48955632	ok
render	status sink document (encode)		nodes	dense32	10000	9985	318496	1e469	0.000000	0	stop:inputs
client	Model.fromDag		nodes	dense32	100	97	2080	33825	0.000266	1144824	ok
client	Model.fromDag		nodes	dense32	300	289	8224	36319351833633	0.001077	4363944	ok
client	Model.fromDag		nodes	dense32	1000	993	30752	1e46	0.006071	16226744	ok
client	Model.fromDag		nodes	dense32	3000	2977	94240	1e139	0.025279	49915848	ok
client	Model.fromDag		nodes	dense32	10000	9985	318496	1e469	0.000000	0	stop:inputs
client	Model.step, one done event per node		nodes	dense32	100	97	2080	33825	0.000063	106248	ok
client	Model.step, one done event per node		nodes	dense32	300	289	8224	36319351833633	0.000259	337752	ok
client	Model.step, one done event per node		nodes	dense32	1000	993	30752	1e46	0.001791	1240648	ok
client	Model.step, one done event per node		nodes	dense32	3000	2977	94240	1e139	0.009588	3953496	ok
client	Model.step, one done event per node		nodes	dense32	10000	9985	318496	1e469	0.000000	0	stop:inputs
client	Model.step, a teardown: one done event per node wanted down		nodes	dense32	100	97	2080	33825	0.000158	354352	ok
client	Model.step, a teardown: one done event per node wanted down		nodes	dense32	300	289	8224	36319351833633	0.001201	2629104	ok
client	Model.step, a teardown: one done event per node wanted down		nodes	dense32	1000	993	30752	1e46	0.012396	28689808	ok
client	Model.step, a teardown: one done event per node wanted down		nodes	dense32	3000	2977	94240	1e139	0.153344	349137104	ok
client	Model.step, a teardown: one done event per node wanted down		nodes	dense32	10000	9985	318496	1e469	0.000000	0	stop:inputs
